-- phpMyAdmin SQL Dump
-- version 4.5.0.2
-- http://www.phpmyadmin.net
--
-- Host: 127.0.0.1
-- Generation Time: Oct 25, 2016 at 09:58 AM
-- Server version: 10.0.17-MariaDB
-- PHP Version: 5.6.14

SET SQL_MODE = "NO_AUTO_VALUE_ON_ZERO";
SET time_zone = "+00:00";


/*!40101 SET @OLD_CHARACTER_SET_CLIENT=@@CHARACTER_SET_CLIENT */;
/*!40101 SET @OLD_CHARACTER_SET_RESULTS=@@CHARACTER_SET_RESULTS */;
/*!40101 SET @OLD_COLLATION_CONNECTION=@@COLLATION_CONNECTION */;
/*!40101 SET NAMES utf8mb4 */;

--
-- Database: `db_tk`
--

-- --------------------------------------------------------

--
-- Table structure for table `agama`
--

CREATE TABLE `agama` (
  `id_agama` int(2) NOT NULL,
  `agama` varchar(20) NOT NULL
) ENGINE=InnoDB DEFAULT CHARSET=latin1;

--
-- Dumping data for table `agama`
--

INSERT INTO `agama` (`id_agama`, `agama`) VALUES
(1, 'Islam'),
(2, 'Kristen'),
(3, 'Katolik'),
(4, 'Budha'),
(5, 'Hindu');

-- --------------------------------------------------------

--
-- Table structure for table `kelas`
--

CREATE TABLE `kelas` (
  `id_kelas` double NOT NULL,
  `nama_kelas` varchar(15) NOT NULL,
  `level` varchar(10) NOT NULL
) ENGINE=InnoDB DEFAULT CHARSET=latin1;

--
-- Dumping data for table `kelas`
--

INSERT INTO `kelas` (`id_kelas`, `nama_kelas`, `level`) VALUES
(1, 'KB-1', 'KB'),
(2, 'KB-2', 'KB'),
(4, 'KB-4', 'KB'),
(5, 'TK-A1', 'TK-A'),
(6, 'TK-A2', 'TK-A'),
(7, 'TK-A3', 'TK-A'),
(8, 'TK-A4', 'TK-A'),
(9, 'TK-B1', 'TK-B'),
(10, 'TK-B2', 'TK-B');

-- --------------------------------------------------------

--
-- Table structure for table `mata_pelajaran`
--

CREATE TABLE `mata_pelajaran` (
  `id_mapel` int(11) NOT NULL,
  `kode_mapel` varchar(20) NOT NULL,
  `mapel` varchar(100) NOT NULL,
  `level` enum('1','2','3') NOT NULL,
  `keterangan` varchar(225) NOT NULL
) ENGINE=InnoDB DEFAULT CHARSET=latin1;

--
-- Dumping data for table `mata_pelajaran`
--

INSERT INTO `mata_pelajaran` (`id_mapel`, `kode_mapel`, `mapel`, `level`, `keterangan`) VALUES
(1, 'Mtk-tk', 'Matematika', '1', 'Mantep nih '),
(3, 'gert35t', 't43t4t', '1', '4t45t45');

-- --------------------------------------------------------

--
-- Table structure for table `orang_tua`
--

CREATE TABLE `orang_tua` (
  `id_orang_tua` int(11) NOT NULL,
  `nama_ayah` varchar(50) NOT NULL,
  `tempat_lahir_ayah` varchar(50) NOT NULL,
  `tanggal_lahir_ayah` date DEFAULT NULL,
  `id_agama_ayah` int(2) NOT NULL,
  `kewarganegaraan_ayah` int(2) NOT NULL,
  `id_pendidikan_ayah` int(3) NOT NULL,
  `id_pekerjaan_ayah` int(3) NOT NULL,
  `alamat_ayah` varchar(225) NOT NULL,
  `no_telp_ayah` varchar(15) NOT NULL,
  `no_telp_kantor_ayah` varchar(15) NOT NULL,
  `kantor_ayah` varchar(225) NOT NULL,
  `nama_ibu` varchar(50) NOT NULL,
  `tempat_lahir_ibu` varchar(50) NOT NULL,
  `tanggal_lahir_ibu` date DEFAULT NULL,
  `id_agama_ibu` int(2) NOT NULL,
  `kewarganegaraan_ibu` int(2) NOT NULL,
  `id_pendidikan_ibu` int(3) NOT NULL,
  `id_pekerjaan_ibu` int(3) NOT NULL,
  `alamat_ibu` varchar(225) NOT NULL,
  `no_telp_ibu` varchar(15) NOT NULL,
  `no_telp_kantor_ibu` varchar(15) NOT NULL,
  `kantor_ibu` varchar(225) NOT NULL
) ENGINE=InnoDB DEFAULT CHARSET=latin1;

--
-- Dumping data for table `orang_tua`
--

INSERT INTO `orang_tua` (`id_orang_tua`, `nama_ayah`, `tempat_lahir_ayah`, `tanggal_lahir_ayah`, `id_agama_ayah`, `kewarganegaraan_ayah`, `id_pendidikan_ayah`, `id_pekerjaan_ayah`, `alamat_ayah`, `no_telp_ayah`, `no_telp_kantor_ayah`, `kantor_ayah`, `nama_ibu`, `tempat_lahir_ibu`, `tanggal_lahir_ibu`, `id_agama_ibu`, `kewarganegaraan_ibu`, `id_pendidikan_ibu`, `id_pekerjaan_ibu`, `alamat_ibu`, `no_telp_ibu`, `no_telp_kantor_ibu`, `kantor_ibu`) VALUES
(7, 'Bernard', '', NULL, 0, 0, 3, 6, 'jl.  anggur V no 12 cengkareng', '081514002610', '', '', 'Stela Indriani', '', NULL, 0, 0, 3, 6, '', '081586008702', '', ''),
(9, 'ali suwanto', '', NULL, 0, 0, 3, 6, 'jl. kapuk pospol no 11 kapuk rt 006/007', '082230538501', '', '', 'lydya waty', '', NULL, 0, 0, 2, 1, '', '08128575656', '', ''),
(10, 'dedy selamat', '', NULL, 0, 0, 3, 9, 'jl. samarasa no 45 kapuk raya', '08118075282', '', '', 'angelina', '', NULL, 0, 0, 4, 1, '', '08128834777', '', ''),
(11, 'Dedy Selamat', '', NULL, 0, 0, 3, 9, 'jl. samarasa no 45 kapuk raya', '08128834777', '', '', 'Angelina', '', NULL, 0, 0, 4, 1, '', '08118075282', '', ''),
(12, 'andrie tanaga', '', '0000-00-00', 0, 0, 3, 6, 'casajardin residence cluster dianella blok d6 no 6 jl. daan mogot km 11', '08158109885', '', '', 'fransiska', '', '0000-00-00', 0, 0, 3, 1, '', '0816983400', '', ''),
(15, 'Budi pramana', '', NULL, 0, 0, 3, 9, 'mutiara taman palem E1 no 56 cengkareng jakarta barat', '081212850943', '', '', 'Edah', '', NULL, 0, 0, 1, 1, '', '081288988825', '', ''),
(18, 'Ong Bun Hui', '', NULL, 0, 0, 1, 6, 'apartemen teluk intan tw topaz lt 17n', '081586232002', '', '', 'Jiang Xiao Lan', '', NULL, 0, 0, 1, 6, '', '081510737826', '', ''),
(21, 'NG Mardi', '', NULL, 0, 0, 3, 6, 'taman palem lestari blok B3 no 5', '0817899799', '', '', 'Yuliasan', '', NULL, 0, 0, 1, 1, '', '08196085431', '', ''),
(34, 'Jimmi Handoko', '', NULL, 0, 0, 3, 6, 'perumahan city resort hawai city I blok K/12', '081281632500', '', '', 'Maria Fransisca', '', NULL, 0, 0, 3, 6, '', '08999855717', '', ''),
(37, 'Hardi Salim', '', NULL, 0, 0, 1, 9, 'jelambar utama 3 no 24 jakarta barat', '081383380077', '', '', 'Tuty', '', NULL, 0, 0, 1, 1, '', '081281181157', '', ''),
(38, 'Tukijo', '', NULL, 0, 0, 1, 6, 'rukan malibu blok J no 11 city resort palem', '082188555714', '', '', 'Haini', '', NULL, 0, 0, 1, 1, '', '081384080139', '', ''),
(41, 'Yosafat Setiawan', '', NULL, 0, 0, 3, 6, 'daan mogot arcadia blok D8 no 6', '085641373557', '', '', 'Verawati Wijaya', '', NULL, 0, 0, 3, 6, '', '085710055263', '', ''),
(45, 'Lionarto', '', '0000-00-00', 0, 0, 3, 6, 'pasadena blok G11 rt 002 rw 014 cengkareneg timur', '081257901999', '', '', 'Julisya', '', '0000-00-00', 0, 0, 3, 6, '', '081281220899', '', ''),
(47, 'Erdbert Mulyadi (kakeknya Alumni Pah Tsung)', '', NULL, 0, 0, 4, 6, 'permata hijau P/5 jakarta selatan', '081931368234', '', '', 'Dian Natalia', '', NULL, 0, 0, 3, 6, '', '087877258989', '', ''),
(48, 'Lukas Rusly', '', NULL, 0, 0, 3, 10, 'Jl pejagalan III no 49 tambora', '085888895159', '', '', 'Lusiana V', '', NULL, 0, 0, 3, 1, '', '081296093000', '', ''),
(52, 'Feliks Setiawan', '', '0000-00-00', 0, 0, 3, 6, 'apt mediterania garden 2 tower k11/kl', '08999117739', '', '', 'Monica Lienawati', '', '0000-00-00', 0, 0, 3, 1, '', '08161362186', '', '');

-- --------------------------------------------------------

--
-- Table structure for table `pengguna_kelas`
--

CREATE TABLE `pengguna_kelas` (
  `id` double NOT NULL,
  `nis` int(7) NOT NULL,
  `id_kelas` double NOT NULL,
  `nik` varchar(10) NOT NULL,
  `ta` varchar(9) NOT NULL,
  `tgl` date NOT NULL
) ENGINE=InnoDB DEFAULT CHARSET=latin1;

--
-- Dumping data for table `pengguna_kelas`
--

INSERT INTO `pengguna_kelas` (`id`, `nis`, `id_kelas`, `nik`, `ta`, `tgl`) VALUES
(1, 1600006, 1, '1507076', '2016/2017', '2016-09-06'),
(2, 1600012, 1, '1507076', '2016/2017', '2016-09-06'),
(3, 1600008, 1, '1507076', '2016/2017', '2016-09-06'),
(4, 1600009, 1, '1507076', '2016/2017', '2016-09-06'),
(5, 1600016, 1, '1507076', '2016/2017', '2016-09-06'),
(6, 1600004, 1, '1507076', '2016/2017', '2016-09-06'),
(7, 1600014, 1, '1507076', '2016/2017', '2016-09-06'),
(8, 1600034, 1, '1507076', '2016/2017', '2016-09-06'),
(9, 1600045, 1, '1507076', '2016/2017', '2016-09-06'),
(10, 1600051, 1, '1507076', '2016/2017', '2016-09-06'),
(11, 1600062, 1, '1507076', '2016/2017', '2016-09-06'),
(12, 1600003, 2, '1208029', '2016/2017', '2016-09-06'),
(13, 1600020, 2, '1208029', '2016/2017', '2016-09-06'),
(14, 1600027, 2, '1208029', '2016/2017', '2016-09-06'),
(15, 1600028, 2, '1208029', '2016/2017', '2016-09-06'),
(16, 1600037, 2, '1208029', '2016/2017', '2016-09-06'),
(17, 1600018, 2, '1208029', '2016/2017', '2016-09-06'),
(18, 1600055, 2, '1208029', '2016/2017', '2016-09-06'),
(19, 1600068, 2, '1208029', '2016/2017', '2016-09-06'),
(20, 1600070, 2, '1208029', '2016/2017', '2016-09-06'),
(21, 1600074, 2, '1208029', '2016/2017', '2016-09-06'),
(22, 1600038, 3, '1507076', '2016/2017', '2016-09-06'),
(23, 1600021, 3, '1507076', '2016/2017', '2016-09-06'),
(24, 1600022, 3, '1507076', '2016/2017', '2016-09-06'),
(25, 1600023, 3, '1507076', '2016/2017', '2016-09-06'),
(26, 1600046, 3, '1507076', '2016/2017', '2016-09-06'),
(27, 1600073, 3, '1507076', '2016/2017', '2016-09-06'),
(28, 1600072, 3, '1507076', '2016/2017', '2016-09-06'),
(29, 1600082, 3, '1507076', '2016/2017', '2016-09-06'),
(30, 1600084, 3, '1507076', '2016/2017', '2016-09-06'),
(31, 1600085, 3, '1507076', '2016/2017', '2016-09-06'),
(32, 1600093, 3, '1507076', '2016/2017', '2016-09-06'),
(33, 1600039, 3, '1507076', '2016/2017', '2016-09-06'),
(34, 1600101, 3, '1507076', '2016/2017', '2016-09-06'),
(35, 1600065, 3, '1507076', '2016/2017', '2016-09-06'),
(36, 1600005, 4, '1208029', '2016/2017', '2016-09-06'),
(37, 1600029, 4, '1208029', '2016/2017', '2016-09-06'),
(38, 1600025, 4, '1208029', '2016/2017', '2016-09-06'),
(39, 1600044, 4, '1208029', '2016/2017', '2016-09-06'),
(40, 1600032, 4, '1208029', '2016/2017', '2016-09-06'),
(41, 1600024, 4, '1208029', '2016/2017', '2016-09-06'),
(42, 1600026, 4, '1208029', '2016/2017', '2016-09-06'),
(43, 1600043, 4, '1208029', '2016/2017', '2016-09-06'),
(44, 1600015, 4, '1208029', '2016/2017', '2016-09-06'),
(45, 1600077, 4, '1208029', '2016/2017', '2016-09-06'),
(46, 1600081, 4, '1208029', '2016/2017', '2016-09-06'),
(47, 1600088, 4, '1208029', '2016/2017', '2016-09-06'),
(48, 1600095, 4, '1208029', '2016/2017', '2016-09-06'),
(49, 1500006, 5, '1502066', '2016/2017', '2016-09-06'),
(50, 1500007, 5, '1502066', '2016/2017', '2016-09-06'),
(51, 1500008, 5, '1502066', '2016/2017', '2016-09-06'),
(52, 1500026, 5, '1502066', '2016/2017', '2016-09-06'),
(53, 1500031, 5, '1502066', '2016/2017', '2016-09-06'),
(54, 1500072, 5, '1502066', '2016/2017', '2016-09-06'),
(55, 1500081, 5, '1502066', '2016/2017', '2016-09-06'),
(56, 1500004, 5, '1502066', '2016/2017', '2016-09-06'),
(57, 1500021, 5, '1502066', '2016/2017', '2016-09-06'),
(58, 1500023, 5, '1502066', '2016/2017', '2016-09-06'),
(59, 1500025, 5, '1502066', '2016/2017', '2016-09-06'),
(60, 1500029, 5, '1502066', '2016/2017', '2016-09-06'),
(61, 1500039, 5, '1502066', '2016/2017', '2016-09-06'),
(62, 1500059, 5, '1502066', '2016/2017', '2016-09-06'),
(63, 1500078, 5, '1502066', '2016/2017', '2016-09-06'),
(64, 1600035, 5, '1502066', '2016/2017', '2016-09-06'),
(65, 1600010, 5, '1502066', '2016/2017', '2016-09-06'),
(66, 1600041, 5, '1502066', '2016/2017', '2016-09-06'),
(67, 1600053, 5, '1502066', '2016/2017', '2016-09-06'),
(68, 1500105, 5, '1502066', '2016/2017', '2016-09-06'),
(69, 1500001, 6, '1601097', '2016/2017', '2016-09-06'),
(70, 1500017, 6, '1601097', '2016/2017', '2016-09-06'),
(71, 1500018, 6, '1601097', '2016/2017', '2016-09-06'),
(72, 1500032, 6, '1601097', '2016/2017', '2016-09-06'),
(73, 1500065, 6, '1601097', '2016/2017', '2016-09-06'),
(74, 1500067, 6, '1601097', '2016/2017', '2016-09-06'),
(75, 1500097, 6, '1601097', '2016/2017', '2016-09-06'),
(76, 1500103, 6, '1601097', '2016/2017', '2016-09-06'),
(77, 1500003, 6, '1601097', '2016/2017', '2016-09-06'),
(78, 1500012, 6, '1601097', '2016/2017', '2016-09-06'),
(79, 1500030, 6, '1601097', '2016/2017', '2016-09-06'),
(80, 1500036, 6, '1601097', '2016/2017', '2016-09-06'),
(81, 1500071, 6, '1601097', '2016/2017', '2016-09-06'),
(82, 1500098, 6, '1601097', '2016/2017', '2016-09-06'),
(83, 1600013, 6, '1601097', '2016/2017', '2016-09-06'),
(84, 1600048, 6, '1601097', '2016/2017', '2016-09-06'),
(85, 1600042, 6, '1601097', '2016/2017', '2016-09-06'),
(86, 1600060, 6, '1601097', '2016/2017', '2016-09-06'),
(87, 1600061, 6, '1601097', '2016/2017', '2016-09-06'),
(88, 1600089, 6, '1601097', '2016/2017', '2016-09-06'),
(89, 1500020, 7, '1502066', '2016/2017', '2016-09-06'),
(90, 1500040, 7, '1502066', '2016/2017', '2016-09-06'),
(91, 1500049, 7, '1502066', '2016/2017', '2016-09-06'),
(92, 1500054, 7, '1502066', '2016/2017', '2016-09-06'),
(93, 1500069, 7, '1502066', '2016/2017', '2016-09-06'),
(94, 1500091, 7, '1502066', '2016/2017', '2016-09-06'),
(95, 1500096, 7, '1502066', '2016/2017', '2016-09-06'),
(96, 1500099, 7, '1502066', '2016/2017', '2016-09-06'),
(97, 1500009, 7, '1502066', '2016/2017', '2016-09-06'),
(98, 1500043, 7, '1502066', '2016/2017', '2016-09-06'),
(99, 1500045, 7, '1502066', '2016/2017', '2016-09-06'),
(100, 1500051, 7, '1502066', '2016/2017', '2016-09-06'),
(101, 1500066, 7, '1502066', '2016/2017', '2016-09-06'),
(102, 1500070, 7, '1502066', '2016/2017', '2016-09-06'),
(103, 1500108, 7, '1502066', '2016/2017', '2016-09-06'),
(104, 1500112, 7, '1502066', '2016/2017', '2016-09-06'),
(105, 1600057, 7, '1502066', '2016/2017', '2016-09-06'),
(106, 1600047, 7, '1502066', '2016/2017', '2016-09-06'),
(107, 1600083, 7, '1502066', '2016/2017', '2016-09-06'),
(108, 1600092, 7, '1502066', '2016/2017', '2016-09-06'),
(109, 1600097, 7, '1502066', '2016/2017', '2016-09-06'),
(110, 1600100, 7, '1502066', '2016/2017', '2016-09-06'),
(111, 1500042, 8, '1601097', '2016/2017', '2016-09-06'),
(112, 1500048, 8, '1601097', '2016/2017', '2016-09-06'),
(113, 1500060, 8, '1601097', '2016/2017', '2016-09-06'),
(114, 1500073, 8, '1601097', '2016/2017', '2016-09-06'),
(115, 1500079, 8, '1601097', '2016/2017', '2016-09-06'),
(116, 1500084, 8, '1601097', '2016/2017', '2016-09-06'),
(117, 1500100, 8, '1601097', '2016/2017', '2016-09-06'),
(118, 1500015, 8, '1601097', '2016/2017', '2016-09-06'),
(119, 1500016, 8, '1601097', '2016/2017', '2016-09-06'),
(120, 1500019, 8, '1601097', '2016/2017', '2016-09-06'),
(121, 1500044, 8, '1601097', '2016/2017', '2016-09-06'),
(122, 1500076, 8, '1601097', '2016/2017', '2016-09-06'),
(123, 1500085, 8, '1601097', '2016/2017', '2016-09-06'),
(124, 1500101, 8, '1601097', '2016/2017', '2016-09-06'),
(125, 1500102, 8, '1601097', '2016/2017', '2016-09-06'),
(126, 1600050, 8, '1601097', '2016/2017', '2016-09-06'),
(127, 1600063, 8, '1601097', '2016/2017', '2016-09-06'),
(128, 1600086, 8, '1601097', '2016/2017', '2016-09-06'),
(129, 1600091, 8, '1601097', '2016/2017', '2016-09-06'),
(130, 1600094, 8, '1601097', '2016/2017', '2016-09-06'),
(131, 1600096, 8, '1601097', '2016/2017', '2016-09-06'),
(132, 1410064, 9, '1307023', '2016/2017', '2016-09-06'),
(133, 1410069, 9, '1307023', '2016/2017', '2016-09-06'),
(134, 1410082, 9, '1307023', '2016/2017', '2016-09-06'),
(135, 1410092, 9, '1307023', '2016/2017', '2016-09-06'),
(136, 1410109, 9, '1307023', '2016/2017', '2016-09-06'),
(137, 1410111, 9, '1307023', '2016/2017', '2016-09-06'),
(138, 1500002, 9, '1307023', '2016/2017', '2016-09-06'),
(139, 1500046, 9, '1307023', '2016/2017', '2016-09-06'),
(140, 1410055, 9, '1307023', '2016/2017', '2016-09-06'),
(141, 1410058, 9, '1307023', '2016/2017', '2016-09-06'),
(142, 1410066, 9, '1307023', '2016/2017', '2016-09-06'),
(143, 1410070, 9, '1307023', '2016/2017', '2016-09-06'),
(144, 1410071, 9, '1307023', '2016/2017', '2016-09-06'),
(145, 1410075, 9, '1307023', '2016/2017', '2016-09-06'),
(146, 1410077, 9, '1307023', '2016/2017', '2016-09-06'),
(147, 1410081, 9, '1307023', '2016/2017', '2016-09-06'),
(148, 1410090, 9, '1307023', '2016/2017', '2016-09-06'),
(149, 1410093, 9, '1307023', '2016/2017', '2016-09-06'),
(150, 1410101, 9, '1307023', '2016/2017', '2016-09-06'),
(151, 1410105, 9, '1307023', '2016/2017', '2016-09-06'),
(152, 1500027, 9, '1307023', '2016/2017', '2016-09-06'),
(153, 1600066, 9, '1307023', '2016/2017', '2016-09-06'),
(154, 1600067, 9, '1307023', '2016/2017', '2016-09-06'),
(155, 1410103, 9, '1307023', '2016/2017', '2016-09-06'),
(156, 1410054, 10, '1507087', '2016/2017', '2016-09-06'),
(157, 1410063, 10, '1507087', '2016/2017', '2016-09-06'),
(158, 1410076, 10, '1507087', '2016/2017', '2016-09-06'),
(159, 1410078, 10, '1507087', '2016/2017', '2016-09-06'),
(160, 1410079, 10, '1507087', '2016/2017', '2016-09-06'),
(161, 1410085, 10, '1507087', '2016/2017', '2016-09-06'),
(162, 1410094, 10, '1507087', '2016/2017', '2016-09-06'),
(163, 1410102, 10, '1507087', '2016/2017', '2016-09-06'),
(164, 1410108, 10, '1507087', '2016/2017', '2016-09-06'),
(165, 1410112, 10, '1507087', '2016/2017', '2016-09-06'),
(166, 1500013, 10, '1507087', '2016/2017', '2016-09-06'),
(167, 1500050, 10, '1507087', '2016/2017', '2016-09-06'),
(168, 1500056, 10, '1507087', '2016/2017', '2016-09-06'),
(169, 1500074, 10, '1507087', '2016/2017', '2016-09-06'),
(170, 1410061, 10, '1507087', '2016/2017', '2016-09-06'),
(171, 1410080, 10, '1507087', '2016/2017', '2016-09-06'),
(172, 1410086, 10, '1507087', '2016/2017', '2016-09-06'),
(173, 1410089, 10, '1507087', '2016/2017', '2016-09-06'),
(174, 1410096, 10, '1507087', '2016/2017', '2016-09-06'),
(175, 1410100, 10, '1507087', '2016/2017', '2016-09-06'),
(176, 1500035, 10, '1507087', '2016/2017', '2016-09-06'),
(177, 1500038, 10, '1507087', '2016/2017', '2016-09-06'),
(178, 1410027, 10, '1507087', '2016/2017', '2016-09-06'),
(179, 1410056, 11, '1307023', '2016/2017', '2016-09-06'),
(180, 1410062, 11, '1307023', '2016/2017', '2016-09-06'),
(181, 1410067, 11, '1307023', '2016/2017', '2016-09-06'),
(182, 1410087, 11, '1307023', '2016/2017', '2016-09-06'),
(183, 1410107, 11, '1307023', '2016/2017', '2016-09-06'),
(184, 1500068, 11, '1307023', '2016/2017', '2016-09-06'),
(185, 1500087, 11, '1307023', '2016/2017', '2016-09-06'),
(186, 1500111, 11, '1307023', '2016/2017', '2016-09-06'),
(187, 1600059, 11, '1307023', '2016/2017', '2016-09-06'),
(188, 1600090, 11, '1307023', '2016/2017', '2016-09-06'),
(189, 1600099, 11, '1307023', '2016/2017', '2016-09-06'),
(190, 1410095, 12, '1507087', '2016/2017', '2016-09-06'),
(191, 1410099, 12, '1507087', '2016/2017', '2016-09-06'),
(192, 1410113, 12, '1507087', '2016/2017', '2016-09-06'),
(193, 1500028, 12, '1507087', '2016/2017', '2016-09-06'),
(194, 1500088, 12, '1507087', '2016/2017', '2016-09-06'),
(195, 1500104, 12, '1507087', '2016/2017', '2016-09-06'),
(196, 1410065, 12, '1507087', '2016/2017', '2016-09-06'),
(197, 1410072, 12, '1507087', '2016/2017', '2016-09-06'),
(198, 1410074, 12, '1507087', '2016/2017', '2016-09-06'),
(199, 1410084, 12, '1507087', '2016/2017', '2016-09-06'),
(200, 1600069, 12, '1507087', '2016/2017', '2016-09-06'),
(201, 1600087, 12, '1507087', '2016/2017', '2016-09-06'),
(202, 1700171, 11, '1307023', '2016/2017', '2016-10-13'),
(203, 1700172, 12, '1507087', '2016/2017', '2016-10-13');

-- --------------------------------------------------------

--
-- Table structure for table `siswa`
--

CREATE TABLE `siswa` (
  `nis` varchar(10) NOT NULL,
  `no_urut` int(11) NOT NULL,
  `kelompok` varchar(70) NOT NULL,
  `tahun_ajaran` int(3) NOT NULL,
  `tahum_ajaran` int(3) NOT NULL,
  `nama_siswa` varchar(50) NOT NULL,
  `nama_panggilan` varchar(20) NOT NULL,
  `jenis_kelamin` enum('L','P') NOT NULL,
  `tempat_lahir` varchar(50) NOT NULL,
  `tgl_lahir` date DEFAULT NULL,
  `jalan` varchar(225) NOT NULL,
  `desa` varchar(30) NOT NULL,
  `kecamatan` varchar(30) NOT NULL,
  `kabupaten` varchar(30) NOT NULL,
  `propinsi` varchar(30) NOT NULL,
  `id_agama` int(2) NOT NULL,
  `kewarganegaraan` int(2) DEFAULT NULL COMMENT '1 = wni, 2 = wna',
  `anak_ke` varchar(20) NOT NULL,
  `jml_saudara_kandung` varchar(20) NOT NULL,
  `jml_saudara_tiri` varchar(20) NOT NULL,
  `jml_saudara_angkat` varchar(20) NOT NULL,
  `status_anak` int(2) DEFAULT NULL COMMENT '0 = lengkap , 1 = yatim, 2 = piatu, 3 = yatim piatu',
  `bahasa_sehari_hari` varchar(20) NOT NULL,
  `gol_darah` varchar(5) NOT NULL,
  `pernah_sakit` varchar(100) NOT NULL,
  `imunisasi` varchar(100) NOT NULL,
  `ciri_khusus` text NOT NULL,
  `jarak_rumah` varchar(20) NOT NULL,
  `berangkat_dengan` int(2) DEFAULT NULL COMMENT '1 = berkendara, 2 = jln kaki, 3 = antar jemput',
  `id_orang_tua` int(11) NOT NULL,
  `foto` varchar(30) NOT NULL,
  `foto2` varchar(30) NOT NULL,
  `diterima_tanggal` date DEFAULT NULL,
  `ditempatkan_dikelompok` varchar(70) NOT NULL,
  `berasal_dari_tk` varchar(70) NOT NULL,
  `keluar_tk_tanggal` date DEFAULT NULL,
  `alasan_pindah` enum('1','2') DEFAULT NULL COMMENT '1 = pindah, 2 = melanjutkan',
  `pindah_ke` varchar(70) NOT NULL,
  `kelompok1` varchar(50) NOT NULL,
  `kelompok2` varchar(50) NOT NULL,
  `sakit1_sem1_kel1` varchar(20) NOT NULL,
  `sakit2_sem2_kel1` varchar(20) NOT NULL,
  `sakit1_sem1_kel2` varchar(20) NOT NULL,
  `sakit2_sem2_kel2` varchar(20) NOT NULL,
  `izin1_sem1_kel1` varchar(20) NOT NULL,
  `izin2_sem2_kel1` varchar(20) NOT NULL,
  `izin1_sem1_kel2` varchar(20) NOT NULL,
  `izin2_sem2_kel2` varchar(20) NOT NULL,
  `alpha1_sem1_kel1` varchar(20) NOT NULL,
  `alpha2_sem2_kel1` varchar(20) NOT NULL,
  `alpha1_sem1_kel2` varchar(20) NOT NULL,
  `alpha2_sem2_kel2` varchar(20) NOT NULL,
  `status_siswa` enum('1','2') NOT NULL COMMENT '1 = aktif, 2 - tidak aktif'
) ENGINE=InnoDB DEFAULT CHARSET=latin1;

--
-- Dumping data for table `siswa`
--

INSERT INTO `siswa` (`nis`, `no_urut`, `kelompok`, `tahun_ajaran`, `tahum_ajaran`, `nama_siswa`, `nama_panggilan`, `jenis_kelamin`, `tempat_lahir`, `tgl_lahir`, `jalan`, `desa`, `kecamatan`, `kabupaten`, `propinsi`, `id_agama`, `kewarganegaraan`, `anak_ke`, `jml_saudara_kandung`, `jml_saudara_tiri`, `jml_saudara_angkat`, `status_anak`, `bahasa_sehari_hari`, `gol_darah`, `pernah_sakit`, `imunisasi`, `ciri_khusus`, `jarak_rumah`, `berangkat_dengan`, `id_orang_tua`, `foto`, `foto2`, `diterima_tanggal`, `ditempatkan_dikelompok`, `berasal_dari_tk`, `keluar_tk_tanggal`, `alasan_pindah`, `pindah_ke`, `kelompok1`, `kelompok2`, `sakit1_sem1_kel1`, `sakit2_sem2_kel1`, `sakit1_sem1_kel2`, `sakit2_sem2_kel2`, `izin1_sem1_kel1`, `izin2_sem2_kel1`, `izin1_sem1_kel2`, `izin2_sem2_kel2`, `alpha1_sem1_kel1`, `alpha2_sem2_kel1`, `alpha1_sem1_kel2`, `alpha2_sem2_kel2`, `status_siswa`) VALUES
('1410027', 0, '', 0, 0, 'Gallard Edsel Hendra', '', 'L', '', '2010-12-17', '', '', '', '', '', 0, NULL, '', '', '', '', NULL, '', '', '', '', '', '', NULL, 0, '', '', NULL, '', '', NULL, NULL, '', '', '', '', '', '', '', '', '', '', '', '', '', '', '', '1'),
('1410054', 0, '', 0, 0, 'Evelyn Emerson', '', 'L', '', '2011-02-18', '', '', '', '', '', 0, NULL, '', '', '', '', NULL, '', '', '', '', '', '', NULL, 0, '', '', NULL, '', '', NULL, NULL, '', '', '', '', '', '', '', '', '', '', '', '', '', '', '', '1'),
('1410055', 0, '', 0, 0, 'Jesslyn Joana Yudyanto', '', 'L', '', '2011-01-31', '', '', '', '', '', 0, NULL, '', '', '', '', NULL, '', '', '', '', '', '', NULL, 0, '', '', NULL, '', '', NULL, NULL, '', '', '', '', '', '', '', '', '', '', '', '', '', '', '', '1'),
('1410056', 0, '', 0, 0, 'Kelly Edelyn Lee', '', 'L', '', '2011-02-14', '', '', '', '', '', 0, NULL, '', '', '', '', NULL, '', '', '', '', '', '', NULL, 0, '', '', NULL, '', '', NULL, NULL, '', '', '', '', '', '', '', '', '', '', '', '', '', '', '', '1'),
('1410058', 0, '', 0, 0, 'Victoria Lynn Putri', '', 'L', '', '2011-11-11', '', '', '', '', '', 0, NULL, '', '', '', '', NULL, '', '', '', '', '', '', NULL, 0, '', '', NULL, '', '', NULL, NULL, '', '', '', '', '', '', '', '', '', '', '', '', '', '', '', '1'),
('1410061', 0, '', 0, 0, 'Calista Joice Hu', '', 'L', '', '2011-11-25', '', '', '', '', '', 0, NULL, '', '', '', '', NULL, '', '', '', '', '', '', NULL, 0, '', '', NULL, '', '', NULL, NULL, '', '', '', '', '', '', '', '', '', '', '', '', '', '', '', '1'),
('1410062', 0, '', 0, 0, 'Charlito Rizki Gunawan ', '', 'L', '', '2011-06-26', '', '', '', '', '', 0, NULL, '', '', '', '', NULL, '', '', '', '', '', '', NULL, 0, '', '', NULL, '', '', NULL, NULL, '', '', '', '', '', '', '', '', '', '', '', '', '', '', '', '1'),
('1410063', 0, '', 0, 0, 'Christabel Arleta', '', 'L', '', '2011-03-24', '', '', '', '', '', 0, NULL, '', '', '', '', NULL, '', '', '', '', '', '', NULL, 0, '', '', NULL, '', '', NULL, NULL, '', '', '', '', '', '', '', '', '', '', '', '', '', '', '', '1'),
('1410064', 0, '', 0, 0, 'Clarissa Eugenia Liusno', '', 'L', '', '2011-07-18', '', '', '', '', '', 0, NULL, '', '', '', '', NULL, '', '', '', '', '', '', NULL, 0, '', '', NULL, '', '', NULL, NULL, '', '', '', '', '', '', '', '', '', '', '', '', '', '', '', '1'),
('1410065', 0, '', 0, 0, 'Darren Lie', '', 'L', '', '2011-06-18', '', '', '', '', '', 0, NULL, '', '', '', '', NULL, '', '', '', '', '', '', NULL, 0, '', '', NULL, '', '', NULL, NULL, '', '', '', '', '', '', '', '', '', '', '', '', '', '', '', '1'),
('1410066', 0, '', 0, 0, 'Devon Macderrent Ho', '', 'L', '', '2011-07-24', '', '', '', '', '', 0, NULL, '', '', '', '', NULL, '', '', '', '', '', '', NULL, 0, '', '', NULL, '', '', NULL, NULL, '', '', '', '', '', '', '', '', '', '', '', '', '', '', '', '1'),
('1410067', 0, '', 0, 0, 'Edbert Jonathan Lesmono', '', 'L', '', '2011-08-01', '', '', '', '', '', 0, NULL, '', '', '', '', NULL, '', '', '', '', '', '', NULL, 0, '', '', NULL, '', '', NULL, NULL, '', '', '', '', '', '', '', '', '', '', '', '', '', '', '', '1'),
('1410069', 0, '', 0, 0, 'Felicia Emmanuella Suryanko', '', 'L', '', '2011-10-27', '', '', '', '', '', 0, NULL, '', '', '', '', NULL, '', '', '', '', '', '', NULL, 0, '', '', NULL, '', '', NULL, NULL, '', '', '', '', '', '', '', '', '', '', '', '', '', '', '', '1'),
('1410070', 0, '', 0, 0, 'Fionna Charleen Lie', '', 'L', '', '2011-02-26', '', '', '', '', '', 0, NULL, '', '', '', '', NULL, '', '', '', '', '', '', NULL, 0, '', '', NULL, '', '', NULL, NULL, '', '', '', '', '', '', '', '', '', '', '', '', '', '', '', '1'),
('1410071', 0, '', 0, 0, 'Griffin Thomas Hadrian', '', 'L', '', '2011-09-30', '', '', '', '', '', 0, NULL, '', '', '', '', NULL, '', '', '', '', '', '', NULL, 0, '', '', NULL, '', '', NULL, NULL, '', '', '', '', '', '', '', '', '', '', '', '', '', '', '', '1'),
('1410072', 0, '', 0, 0, 'Hazel Santi Vijjita Herlambang', '', 'L', '', '2011-09-24', '', '', '', '', '', 0, NULL, '', '', '', '', NULL, '', '', '', '', '', '', NULL, 0, '', '', NULL, '', '', NULL, NULL, '', '', '', '', '', '', '', '', '', '', '', '', '', '', '', '1'),
('1410073', 0, '', 0, 0, 'Hew Kenzo', '', 'L', '', '2011-01-24', '', '', '', '', '', 0, NULL, '', '', '', '', NULL, '', '', '', '', '', '', NULL, 0, '', '', NULL, '', '', NULL, NULL, '', '', '', '', '', '', '', '', '', '', '', '', '', '', '', '1'),
('1410074', 0, '', 0, 0, 'Jeniffer Maharani', '', 'L', '', '2011-05-26', '', '', '', '', '', 0, NULL, '', '', '', '', NULL, '', '', '', '', '', '', NULL, 0, '', '', NULL, '', '', NULL, NULL, '', '', '', '', '', '', '', '', '', '', '', '', '', '', '', '1'),
('1410075', 0, '', 0, 0, 'Jennifer Young Saputra', '', 'L', '', '2011-05-22', '', '', '', '', '', 0, NULL, '', '', '', '', NULL, '', '', '', '', '', '', NULL, 0, '', '', NULL, '', '', NULL, NULL, '', '', '', '', '', '', '', '', '', '', '', '', '', '', '', '1'),
('1410076', 0, '', 0, 0, 'Jeslyn Tan', '', 'L', '', '2011-01-15', '', '', '', '', '', 0, NULL, '', '', '', '', NULL, '', '', '', '', '', '', NULL, 0, '', '', NULL, '', '', NULL, NULL, '', '', '', '', '', '', '', '', '', '', '', '', '', '', '', '1'),
('1410077', 0, '', 0, 0, 'Jessyca Jesslyn', '', 'L', '', '2011-07-21', '', '', '', '', '', 0, NULL, '', '', '', '', NULL, '', '', '', '', '', '', NULL, 0, '', '', NULL, '', '', NULL, NULL, '', '', '', '', '', '', '', '', '', '', '', '', '', '', '', '1'),
('1410078', 0, '', 0, 0, 'Jonathan Nathanael Suranto', '', 'L', '', '2011-03-12', '', '', '', '', '', 0, NULL, '', '', '', '', NULL, '', '', '', '', '', '', NULL, 0, '', '', NULL, '', '', NULL, NULL, '', '', '', '', '', '', '', '', '', '', '', '', '', '', '', '1'),
('1410079', 0, '', 0, 0, 'Kazaru Edgardo Tanzil', '', 'L', '', '2011-03-25', '', '', '', '', '', 0, NULL, '', '', '', '', NULL, '', '', '', '', '', '', NULL, 0, '', '', NULL, '', '', NULL, NULL, '', '', '', '', '', '', '', '', '', '', '', '', '', '', '', '1'),
('1410080', 0, '', 0, 0, 'Kenko Arron Tjendera', '', 'L', '', '2011-06-09', '', '', '', '', '', 0, NULL, '', '', '', '', NULL, '', '', '', '', '', '', NULL, 0, '', '', NULL, '', '', NULL, NULL, '', '', '', '', '', '', '', '', '', '', '', '', '', '', '', '1'),
('1410081', 0, '', 0, 0, 'Kenneth Harianto', '', 'L', '', '2011-05-07', '', '', '', '', '', 0, NULL, '', '', '', '', NULL, '', '', '', '', '', '', NULL, 0, '', '', NULL, '', '', NULL, NULL, '', '', '', '', '', '', '', '', '', '', '', '', '', '', '', '1'),
('1410082', 0, '', 0, 0, 'Keyzia Frederika Atmaja', '', 'L', '', '2011-07-15', '', '', '', '', '', 0, NULL, '', '', '', '', NULL, '', '', '', '', '', '', NULL, 0, '', '', NULL, '', '', NULL, NULL, '', '', '', '', '', '', '', '', '', '', '', '', '', '', '', '1'),
('1410084', 0, '', 0, 0, 'Lin Wen Xuan ', '', 'L', '', '2011-05-31', '', '', '', '', '', 0, NULL, '', '', '', '', NULL, '', '', '', '', '', '', NULL, 0, '', '', NULL, '', '', NULL, NULL, '', '', '', '', '', '', '', '', '', '', '', '', '', '', '', '1'),
('1410085', 0, '', 0, 0, 'Natasha Rustandi', '', 'L', '', '2011-05-14', '', '', '', '', '', 0, NULL, '', '', '', '', NULL, '', '', '', '', '', '', NULL, 0, '', '', NULL, '', '', NULL, NULL, '', '', '', '', '', '', '', '', '', '', '', '', '', '', '', '1'),
('1410086', 0, '', 0, 0, 'Nathan Kurnia', '', 'L', '', '2011-02-25', '', '', '', '', '', 0, NULL, '', '', '', '', NULL, '', '', '', '', '', '', NULL, 0, '', '', NULL, '', '', NULL, NULL, '', '', '', '', '', '', '', '', '', '', '', '', '', '', '', '1'),
('1410087', 0, '', 0, 0, 'Nelson Lim', '', 'L', '', '2011-03-10', '', '', '', '', '', 0, NULL, '', '', '', '', NULL, '', '', '', '', '', '', NULL, 0, '', '', NULL, '', '', NULL, NULL, '', '', '', '', '', '', '', '', '', '', '', '', '', '', '', '1'),
('1410089', 0, '', 0, 0, 'Nicole Williams', '', 'L', '', '2011-01-23', '', '', '', '', '', 0, NULL, '', '', '', '', NULL, '', '', '', '', '', '', NULL, 0, '', '', NULL, '', '', NULL, NULL, '', '', '', '', '', '', '', '', '', '', '', '', '', '', '', '1'),
('1410090', 0, '', 0, 0, 'Orlin Speranza Setiadi', '', 'L', '', '2011-10-05', '', '', '', '', '', 0, NULL, '', '', '', '', NULL, '', '', '', '', '', '', NULL, 0, '', '', NULL, '', '', NULL, NULL, '', '', '', '', '', '', '', '', '', '', '', '', '', '', '', '1'),
('1410092', 0, '', 0, 0, 'Raven Kenjiro Evander', '', 'L', '', '2011-11-25', '', '', '', '', '', 0, NULL, '', '', '', '', NULL, '', '', '', '', '', '', NULL, 0, '', '', NULL, '', '', NULL, NULL, '', '', '', '', '', '', '', '', '', '', '', '', '', '', '', '1'),
('1410093', 0, '', 0, 0, 'Richie Wilimas Sugiadha', '', 'L', '', '2011-10-01', '', '', '', '', '', 0, NULL, '', '', '', '', NULL, '', '', '', '', '', '', NULL, 0, '', '', NULL, '', '', NULL, NULL, '', '', '', '', '', '', '', '', '', '', '', '', '', '', '', '1'),
('1410094', 0, '', 0, 0, 'Ryan Wilimas Sugiadha', '', 'L', '', '2011-10-01', '', '', '', '', '', 0, NULL, '', '', '', '', NULL, '', '', '', '', '', '', NULL, 0, '', '', NULL, '', '', NULL, NULL, '', '', '', '', '', '', '', '', '', '', '', '', '', '', '', '1'),
('1410095', 0, '', 0, 0, 'Sebastian Kho', '', 'L', '', '2011-12-30', '', '', '', '', '', 0, NULL, '', '', '', '', NULL, '', '', '', '', '', '', NULL, 0, '', '', NULL, '', '', NULL, NULL, '', '', '', '', '', '', '', '', '', '', '', '', '', '', '', '1'),
('1410096', 0, '', 0, 0, 'Steven Theodore Waworuntu', '', 'L', '', '2011-02-12', '', '', '', '', '', 0, NULL, '', '', '', '', NULL, '', '', '', '', '', '', NULL, 0, '', '', NULL, '', '', NULL, NULL, '', '', '', '', '', '', '', '', '', '', '', '', '', '', '', '1'),
('1410099', 0, '', 0, 0, 'Vicky Tangguh Gunawan', '', 'L', '', '2011-07-11', '', '', '', '', '', 0, NULL, '', '', '', '', NULL, '', '', '', '', '', '', NULL, 0, '', '', NULL, '', '', NULL, NULL, '', '', '', '', '', '', '', '', '', '', '', '', '', '', '', '1'),
('1410100', 0, '', 0, 0, 'Vielin Khema Putri', '', 'L', '', '2010-12-03', '', '', '', '', '', 0, NULL, '', '', '', '', NULL, '', '', '', '', '', '', NULL, 0, '', '', NULL, '', '', NULL, NULL, '', '', '', '', '', '', '', '', '', '', '', '', '', '', '', '1'),
('1410101', 0, '', 0, 0, 'Wilson Wei', '', 'L', '', '2010-06-04', '', '', '', '', '', 0, NULL, '', '', '', '', NULL, '', '', '', '', '', '', NULL, 0, '', '', NULL, '', '', NULL, NULL, '', '', '', '', '', '', '', '', '', '', '', '', '', '', '', '1'),
('1410102', 0, '', 0, 0, 'Elva Lim', '', 'L', '', '2011-12-13', '', '', '', '', '', 0, NULL, '', '', '', '', NULL, '', '', '', '', '', '', NULL, 0, '', '', NULL, '', '', NULL, NULL, '', '', '', '', '', '', '', '', '', '', '', '', '', '', '', '1'),
('1410103', 0, '', 0, 0, 'Chen Jin Xuan', '', 'L', '', '2011-10-08', '', '', '', '', '', 0, NULL, '', '', '', '', NULL, '', '', '', '', '', '', NULL, 0, '', '', NULL, '', '', NULL, NULL, '', '', '', '', '', '', '', '', '', '', '', '', '', '', '', '1'),
('1410105', 0, '', 0, 0, 'Sylvester Marvelous Wijaya', '', 'L', '', '2011-03-20', '', '', '', '', '', 0, NULL, '', '', '', '', NULL, '', '', '', '', '', '', NULL, 0, '', '', NULL, '', '', NULL, NULL, '', '', '', '', '', '', '', '', '', '', '', '', '', '', '', '1'),
('1410107', 0, '', 0, 0, 'Valerie Cathkova', '', 'L', '', '2011-03-07', '', '', '', '', '', 0, NULL, '', '', '', '', NULL, '', '', '', '', '', '', NULL, 0, '', '', NULL, '', '', NULL, NULL, '', '', '', '', '', '', '', '', '', '', '', '', '', '', '', '1'),
('1410108', 0, '', 0, 0, 'Kenzo Nathanael', '', 'L', '', '2011-12-05', '', '', '', '', '', 0, NULL, '', '', '', '', NULL, '', '', '', '', '', '', NULL, 0, '', '', NULL, '', '', NULL, NULL, '', '', '', '', '', '', '', '', '', '', '', '', '', '', '', '1'),
('1410109', 0, '', 0, 0, 'Jiang Jia Rui', '', 'L', '', '2011-08-02', '', '', '', '', '', 0, NULL, '', '', '', '', NULL, '', '', '', '', '', '', NULL, 0, '', '', NULL, '', '', NULL, NULL, '', '', '', '', '', '', '', '', '', '', '', '', '', '', '', '1'),
('1410111', 0, '', 0, 0, 'Adeus Akira Chen', '', 'L', '', '2011-12-28', '', '', '', '', '', 0, NULL, '', '', '', '', NULL, '', '', '', '', '', '', NULL, 0, '', '', NULL, '', '', NULL, NULL, '', '', '', '', '', '', '', '', '', '', '', '', '', '', '', '1'),
('1410112', 0, '', 0, 0, 'Windy Wei', '', 'L', '', '2011-07-09', '', '', '', '', '', 0, NULL, '', '', '', '', NULL, '', '', '', '', '', '', NULL, 0, '', '', NULL, '', '', NULL, NULL, '', '', '', '', '', '', '', '', '', '', '', '', '', '', '', '1'),
('1410113', 0, '', 0, 0, 'Kenneith Chen ', '', 'L', '', '2011-07-08', '', '', '', '', '', 0, NULL, '', '', '', '', NULL, '', '', '', '', '', '', NULL, 0, '', '', NULL, '', '', NULL, NULL, '', '', '', '', '', '', '', '', '', '', '', '', '', '', '', '1'),
('1500001', 0, '', 0, 0, 'Desmond Wong', '', 'L', '', '2012-02-16', '', '', '', '', '', 0, NULL, '', '', '', '', NULL, '', '', '', '', '', '', NULL, 0, '', '', NULL, '', '', NULL, NULL, '', '', '', '', '', '', '', '', '', '', '', '', '', '', '', '1'),
('1500002', 0, '', 0, 0, 'Michelle Yang', '', 'L', '', '2011-08-09', '', '', '', '', '', 0, NULL, '', '', '', '', NULL, '', '', '', '', '', '', NULL, 0, '', '', NULL, '', '', NULL, NULL, '', '', '', '', '', '', '', '', '', '', '', '', '', '', '', '1'),
('1500003', 0, '', 0, 0, 'Andrew Charles Wang', '', 'L', '', '2011-12-06', '', '', '', '', '', 0, NULL, '', '', '', '', NULL, '', '', '', '', '', '', NULL, 0, '', '', NULL, '', '', NULL, NULL, '', '', '', '', '', '', '', '', '', '', '', '', '', '', '', '1'),
('1500004', 0, '', 0, 0, 'Randy Hanlin Huang', '', 'L', '', '2012-05-22', '', '', '', '', '', 0, NULL, '', '', '', '', NULL, '', '', '', '', '', '', NULL, 0, '', '', NULL, '', '', NULL, NULL, '', '', '', '', '', '', '', '', '', '', '', '', '', '', '', '1'),
('1500006', 0, '', 0, 0, 'Stephanie Reyna Tahir', '', 'L', '', '2012-03-10', '', '', '', '', '', 0, NULL, '', '', '', '', NULL, '', '', '', '', '', '', NULL, 0, '', '', NULL, '', '', NULL, NULL, '', '', '', '', '', '', '', '', '', '', '', '', '', '', '', '1'),
('1500007', 0, '', 0, 0, 'Kingsley Jayvyn Hu', '', 'L', '', '2012-02-02', '', '', '', '', '', 0, NULL, '', '', '', '', NULL, '', '', '', '', '', '', NULL, 0, '', '', NULL, '', '', NULL, NULL, '', '', '', '', '', '', '', '', '', '', '', '', '', '', '', '1'),
('1500008', 0, '', 0, 0, 'Daniel Salim', '', 'L', '', '2012-12-22', '', '', '', '', '', 0, NULL, '', '', '', '', NULL, '', '', '', '', '', '', NULL, 0, '', '', NULL, '', '', NULL, NULL, '', '', '', '', '', '', '', '', '', '', '', '', '', '', '', '1'),
('1500009', 0, '', 0, 0, 'Cheryl Giselle Yosnaga', '', 'L', '', '2012-09-18', '', '', '', '', '', 0, NULL, '', '', '', '', NULL, '', '', '', '', '', '', NULL, 0, '', '', NULL, '', '', NULL, NULL, '', '', '', '', '', '', '', '', '', '', '', '', '', '', '', '1'),
('1500012', 0, '', 0, 0, 'Lionel Utomo', '', 'L', '', '2012-01-25', '', '', '', '', '', 0, NULL, '', '', '', '', NULL, '', '', '', '', '', '', NULL, 0, '', '', NULL, '', '', NULL, NULL, '', '', '', '', '', '', '', '', '', '', '', '', '', '', '', '1'),
('1500013', 0, '', 0, 0, 'Dsandro Serrano W.', '', 'L', '', '2011-09-08', '', '', '', '', '', 0, NULL, '', '', '', '', NULL, '', '', '', '', '', '', NULL, 0, '', '', NULL, '', '', NULL, NULL, '', '', '', '', '', '', '', '', '', '', '', '', '', '', '', '1'),
('1500015', 0, '', 0, 0, 'Manuel Garcia Ho', '', 'L', '', '2012-03-30', '', '', '', '', '', 0, NULL, '', '', '', '', NULL, '', '', '', '', '', '', NULL, 0, '', '', NULL, '', '', NULL, NULL, '', '', '', '', '', '', '', '', '', '', '', '', '', '', '', '1'),
('1500016', 0, '', 0, 0, 'Clarissa Angel', '', 'L', '', '2012-08-11', '', '', '', '', '', 0, NULL, '', '', '', '', NULL, '', '', '', '', '', '', NULL, 0, '', '', NULL, '', '', NULL, NULL, '', '', '', '', '', '', '', '', '', '', '', '', '', '', '', '1'),
('1500017', 0, '', 0, 0, 'Aiko Gorgeous E', '', 'L', '', '2012-03-22', '', '', '', '', '', 0, NULL, '', '', '', '', NULL, '', '', '', '', '', '', NULL, 0, '', '', NULL, '', '', NULL, NULL, '', '', '', '', '', '', '', '', '', '', '', '', '', '', '', '1'),
('1500018', 0, '', 0, 0, 'Kalyca Elfrida T.', '', 'L', '', '2012-07-26', '', '', '', '', '', 0, NULL, '', '', '', '', NULL, '', '', '', '', '', '', NULL, 0, '', '', NULL, '', '', NULL, NULL, '', '', '', '', '', '', '', '', '', '', '', '', '', '', '', '1'),
('1500019', 0, '', 0, 0, 'Jessica Airenna C.', '', 'L', '', '2012-08-01', '', '', '', '', '', 0, NULL, '', '', '', '', NULL, '', '', '', '', '', '', NULL, 0, '', '', NULL, '', '', NULL, NULL, '', '', '', '', '', '', '', '', '', '', '', '', '', '', '', '1'),
('1500020', 0, '', 0, 0, 'Felicia Bernita', '', 'L', '', '2012-01-19', '', '', '', '', '', 0, NULL, '', '', '', '', NULL, '', '', '', '', '', '', NULL, 0, '', '', NULL, '', '', NULL, NULL, '', '', '', '', '', '', '', '', '', '', '', '', '', '', '', '1'),
('1500021', 0, '', 0, 0, 'Jocelyn', '', 'L', '', '2012-04-23', '', '', '', '', '', 0, NULL, '', '', '', '', NULL, '', '', '', '', '', '', NULL, 0, '', '', NULL, '', '', NULL, NULL, '', '', '', '', '', '', '', '', '', '', '', '', '', '', '', '1'),
('1500023', 0, '', 0, 0, 'Bradley Boon', '', 'L', '', '2012-02-21', '', '', '', '', '', 0, NULL, '', '', '', '', NULL, '', '', '', '', '', '', NULL, 0, '', '', NULL, '', '', NULL, NULL, '', '', '', '', '', '', '', '', '', '', '', '', '', '', '', '1'),
('1500025', 0, '', 0, 0, 'Chloe Annabelle Ng', '', 'L', '', '2012-06-05', '', '', '', '', '', 0, NULL, '', '', '', '', NULL, '', '', '', '', '', '', NULL, 0, '', '', NULL, '', '', NULL, NULL, '', '', '', '', '', '', '', '', '', '', '', '', '', '', '', '1'),
('1500026', 0, '', 0, 0, 'Cheryl Velika Ho', '', 'L', '', '2012-09-26', '', '', '', '', '', 0, NULL, '', '', '', '', NULL, '', '', '', '', '', '', NULL, 0, '', '', NULL, '', '', NULL, NULL, '', '', '', '', '', '', '', '', '', '', '', '', '', '', '', '1'),
('1500027', 0, '', 0, 0, 'Grace', '', 'L', '', '2011-05-21', '', '', '', '', '', 0, NULL, '', '', '', '', NULL, '', '', '', '', '', '', NULL, 0, '', '', NULL, '', '', NULL, NULL, '', '', '', '', '', '', '', '', '', '', '', '', '', '', '', '1'),
('1500028', 0, '', 0, 0, 'Warren Edinson Mak', '', 'L', '', '2011-11-24', '', '', '', '', '', 0, NULL, '', '', '', '', NULL, '', '', '', '', '', '', NULL, 0, '', '', NULL, '', '', NULL, NULL, '', '', '', '', '', '', '', '', '', '', '', '', '', '', '', '1'),
('1500029', 0, '', 0, 0, 'Princess Fredelina Go', '', 'L', '', '2012-06-28', '', '', '', '', '', 0, NULL, '', '', '', '', NULL, '', '', '', '', '', '', NULL, 0, '', '', NULL, '', '', NULL, NULL, '', '', '', '', '', '', '', '', '', '', '', '', '', '', '', '1'),
('1500030', 0, '', 0, 0, 'Jiang Xunkai', '', 'L', '', '2012-01-15', '', '', '', '', '', 0, NULL, '', '', '', '', NULL, '', '', '', '', '', '', NULL, 0, '', '', NULL, '', '', NULL, NULL, '', '', '', '', '', '', '', '', '', '', '', '', '', '', '', '1'),
('1500031', 0, '', 0, 0, 'Nathan Dave', '', 'L', '', '2012-06-01', '', '', '', '', '', 0, NULL, '', '', '', '', NULL, '', '', '', '', '', '', NULL, 0, '', '', NULL, '', '', NULL, NULL, '', '', '', '', '', '', '', '', '', '', '', '', '', '', '', '1'),
('1500032', 0, '', 0, 0, 'Skolastika Felisia Valenliu', '', 'L', '', '2012-08-15', '', '', '', '', '', 0, NULL, '', '', '', '', NULL, '', '', '', '', '', '', NULL, 0, '', '', NULL, '', '', NULL, NULL, '', '', '', '', '', '', '', '', '', '', '', '', '', '', '', '1'),
('1500035', 0, '', 0, 0, 'Edward Adrian K.', '', 'L', '', '2011-05-31', '', '', '', '', '', 0, NULL, '', '', '', '', NULL, '', '', '', '', '', '', NULL, 0, '', '', NULL, '', '', NULL, NULL, '', '', '', '', '', '', '', '', '', '', '', '', '', '', '', '1'),
('1500036', 0, '', 0, 0, 'Jessica Clarabella Mahendra', '', 'L', '', '2012-05-09', '', '', '', '', '', 0, NULL, '', '', '', '', NULL, '', '', '', '', '', '', NULL, 0, '', '', NULL, '', '', NULL, NULL, '', '', '', '', '', '', '', '', '', '', '', '', '', '', '', '1'),
('1500038', 0, '', 0, 0, 'Caitlyn Anabelle A.', '', 'L', '', '2011-03-18', '', '', '', '', '', 0, NULL, '', '', '', '', NULL, '', '', '', '', '', '', NULL, 0, '', '', NULL, '', '', NULL, NULL, '', '', '', '', '', '', '', '', '', '', '', '', '', '', '', '1'),
('1500039', 0, '', 0, 0, 'Giselle Kefira', '', 'L', '', '2012-07-05', '', '', '', '', '', 0, NULL, '', '', '', '', NULL, '', '', '', '', '', '', NULL, 0, '', '', NULL, '', '', NULL, NULL, '', '', '', '', '', '', '', '', '', '', '', '', '', '', '', '1'),
('1500040', 0, '', 0, 0, 'Hikari Megumi Tan', '', 'L', '', '2012-09-28', '', '', '', '', '', 0, NULL, '', '', '', '', NULL, '', '', '', '', '', '', NULL, 0, '', '', NULL, '', '', NULL, NULL, '', '', '', '', '', '', '', '', '', '', '', '', '', '', '', '1'),
('1500042', 0, '', 0, 0, 'Richard Hezkiel Ben', '', 'L', '', '2012-03-22', '', '', '', '', '', 0, NULL, '', '', '', '', NULL, '', '', '', '', '', '', NULL, 0, '', '', NULL, '', '', NULL, NULL, '', '', '', '', '', '', '', '', '', '', '', '', '', '', '', '1'),
('1500043', 0, '', 0, 0, 'Karen Clarissa Tio', '', 'L', '', '2012-10-19', '', '', '', '', '', 0, NULL, '', '', '', '', NULL, '', '', '', '', '', '', NULL, 0, '', '', NULL, '', '', NULL, NULL, '', '', '', '', '', '', '', '', '', '', '', '', '', '', '', '1'),
('1500044', 0, '', 0, 0, 'Lakeisha C. R.', '', 'L', '', '2012-03-25', '', '', '', '', '', 0, NULL, '', '', '', '', NULL, '', '', '', '', '', '', NULL, 0, '', '', NULL, '', '', NULL, NULL, '', '', '', '', '', '', '', '', '', '', '', '', '', '', '', '1'),
('1500045', 0, '', 0, 0, 'Bryant Benedict Oey', '', 'L', '', '2012-10-01', '', '', '', '', '', 0, NULL, '', '', '', '', NULL, '', '', '', '', '', '', NULL, 0, '', '', NULL, '', '', NULL, NULL, '', '', '', '', '', '', '', '', '', '', '', '', '', '', '', '1'),
('1500046', 0, '', 0, 0, 'Hanwel Suprijanto', '', 'L', '', '2011-09-19', '', '', '', '', '', 0, NULL, '', '', '', '', NULL, '', '', '', '', '', '', NULL, 0, '', '', NULL, '', '', NULL, NULL, '', '', '', '', '', '', '', '', '', '', '', '', '', '', '', '1'),
('1500048', 0, '', 0, 0, 'Vinaya Gozali', '', 'L', '', '2012-09-03', '', '', '', '', '', 0, NULL, '', '', '', '', NULL, '', '', '', '', '', '', NULL, 0, '', '', NULL, '', '', NULL, NULL, '', '', '', '', '', '', '', '', '', '', '', '', '', '', '', '1'),
('1500049', 0, '', 0, 0, 'Quinnasya Klea C.', '', 'L', '', '2012-06-28', '', '', '', '', '', 0, NULL, '', '', '', '', NULL, '', '', '', '', '', '', NULL, 0, '', '', NULL, '', '', NULL, NULL, '', '', '', '', '', '', '', '', '', '', '', '', '', '', '', '1'),
('1500050', 0, '', 0, 0, 'Felice Valencia', '', 'L', '', '2011-06-06', '', '', '', '', '', 0, NULL, '', '', '', '', NULL, '', '', '', '', '', '', NULL, 0, '', '', NULL, '', '', NULL, NULL, '', '', '', '', '', '', '', '', '', '', '', '', '', '', '', '1'),
('1500051', 0, '', 0, 0, 'Emily Effendi', '', 'L', '', '2012-10-03', '', '', '', '', '', 0, NULL, '', '', '', '', NULL, '', '', '', '', '', '', NULL, 0, '', '', NULL, '', '', NULL, NULL, '', '', '', '', '', '', '', '', '', '', '', '', '', '', '', '1'),
('1500054', 0, '', 0, 0, 'Chava Odeleya D.', '', 'L', '', '2012-08-03', '', '', '', '', '', 0, NULL, '', '', '', '', NULL, '', '', '', '', '', '', NULL, 0, '', '', NULL, '', '', NULL, NULL, '', '', '', '', '', '', '', '', '', '', '', '', '', '', '', '1'),
('1500056', 0, '', 0, 0, 'Jessica Lee', '', 'L', '', '2011-05-27', '', '', '', '', '', 0, NULL, '', '', '', '', NULL, '', '', '', '', '', '', NULL, 0, '', '', NULL, '', '', NULL, NULL, '', '', '', '', '', '', '', '', '', '', '', '', '', '', '', '1'),
('1500059', 0, '', 0, 0, 'Theonna Jessica Yap', '', 'L', '', '2012-10-02', '', '', '', '', '', 0, NULL, '', '', '', '', NULL, '', '', '', '', '', '', NULL, 0, '', '', NULL, '', '', NULL, NULL, '', '', '', '', '', '', '', '', '', '', '', '', '', '', '', '1'),
('1500060', 0, '', 0, 0, 'Louis Janson Wijaya', '', 'L', '', '2012-02-17', '', '', '', '', '', 0, NULL, '', '', '', '', NULL, '', '', '', '', '', '', NULL, 0, '', '', NULL, '', '', NULL, NULL, '', '', '', '', '', '', '', '', '', '', '', '', '', '', '', '1'),
('1500065', 0, '', 0, 0, 'Darlene Henderson Hui', '', 'L', '', '2012-11-15', '', '', '', '', '', 0, NULL, '', '', '', '', NULL, '', '', '', '', '', '', NULL, 0, '', '', NULL, '', '', NULL, NULL, '', '', '', '', '', '', '', '', '', '', '', '', '', '', '', '1'),
('1500066', 0, '', 0, 0, 'Javin Hong', '', 'L', '', '2012-02-02', '', '', '', '', '', 0, NULL, '', '', '', '', NULL, '', '', '', '', '', '', NULL, 0, '', '', NULL, '', '', NULL, NULL, '', '', '', '', '', '', '', '', '', '', '', '', '', '', '', '1'),
('1500067', 0, '', 0, 0, 'Yason Wilfred Y', '', 'L', '', '2012-12-20', '', '', '', '', '', 0, NULL, '', '', '', '', NULL, '', '', '', '', '', '', NULL, 0, '', '', NULL, '', '', NULL, NULL, '', '', '', '', '', '', '', '', '', '', '', '', '', '', '', '1'),
('1500068', 0, '', 0, 0, 'Bryan Louis Wilsen', '', 'L', '', '2011-10-12', '', '', '', '', '', 0, NULL, '', '', '', '', NULL, '', '', '', '', '', '', NULL, 0, '', '', NULL, '', '', NULL, NULL, '', '', '', '', '', '', '', '', '', '', '', '', '', '', '', '1'),
('1500069', 0, '', 0, 0, 'Alexander Farrel Phinardy', '', 'L', '', '2012-11-02', '', '', '', '', '', 0, NULL, '', '', '', '', NULL, '', '', '', '', '', '', NULL, 0, '', '', NULL, '', '', NULL, NULL, '', '', '', '', '', '', '', '', '', '', '', '', '', '', '', '1'),
('1500070', 0, '', 0, 0, 'Yu Cheuk Fung', '', 'L', '', '2012-04-13', '', '', '', '', '', 0, NULL, '', '', '', '', NULL, '', '', '', '', '', '', NULL, 0, '', '', NULL, '', '', NULL, NULL, '', '', '', '', '', '', '', '', '', '', '', '', '', '', '', '1'),
('1500071', 0, '', 0, 0, 'Felice Alethalie', '', 'L', '', '2012-03-17', '', '', '', '', '', 0, NULL, '', '', '', '', NULL, '', '', '', '', '', '', NULL, 0, '', '', NULL, '', '', NULL, NULL, '', '', '', '', '', '', '', '', '', '', '', '', '', '', '', '1'),
('1500072', 0, '', 0, 0, 'Fione Richelle Kosasih', '', 'L', '', '2012-09-06', '', '', '', '', '', 0, NULL, '', '', '', '', NULL, '', '', '', '', '', '', NULL, 0, '', '', NULL, '', '', NULL, NULL, '', '', '', '', '', '', '', '', '', '', '', '', '', '', '', '1'),
('1500073', 0, '', 0, 0, 'Claire Gracia Joe', '', 'L', '', '2012-07-25', '', '', '', '', '', 0, NULL, '', '', '', '', NULL, '', '', '', '', '', '', NULL, 0, '', '', NULL, '', '', NULL, NULL, '', '', '', '', '', '', '', '', '', '', '', '', '', '', '', '1'),
('1500074', 0, '', 0, 0, 'Andrew Henderson', '', 'L', '', '2011-02-21', '', '', '', '', '', 0, NULL, '', '', '', '', NULL, '', '', '', '', '', '', NULL, 0, '', '', NULL, '', '', NULL, NULL, '', '', '', '', '', '', '', '', '', '', '', '', '', '', '', '1'),
('1500076', 0, '', 0, 0, 'Francis Matthew Handojo', '', 'L', '', '2012-11-27', '', '', '', '', '', 0, NULL, '', '', '', '', NULL, '', '', '', '', '', '', NULL, 0, '', '', NULL, '', '', NULL, NULL, '', '', '', '', '', '', '', '', '', '', '', '', '', '', '', '1'),
('1500078', 0, '', 0, 0, 'Angelica Beatrice Chandra', '', 'L', '', '2012-07-24', '', '', '', '', '', 0, NULL, '', '', '', '', NULL, '', '', '', '', '', '', NULL, 0, '', '', NULL, '', '', NULL, NULL, '', '', '', '', '', '', '', '', '', '', '', '', '', '', '', '1'),
('1500079', 0, '', 0, 0, 'Gillian Mattea Alleandra', '', 'L', '', '2012-08-12', '', '', '', '', '', 0, NULL, '', '', '', '', NULL, '', '', '', '', '', '', NULL, 0, '', '', NULL, '', '', NULL, NULL, '', '', '', '', '', '', '', '', '', '', '', '', '', '', '', '1'),
('1500081', 0, '', 0, 0, 'Ken Anthony Marasuchi', '', 'L', '', '2012-09-05', '', '', '', '', '', 0, NULL, '', '', '', '', NULL, '', '', '', '', '', '', NULL, 0, '', '', NULL, '', '', NULL, NULL, '', '', '', '', '', '', '', '', '', '', '', '', '', '', '', '1'),
('1500084', 0, '', 0, 0, 'Bryan Dean Angelo', '', 'L', '', '2012-10-18', '', '', '', '', '', 0, NULL, '', '', '', '', NULL, '', '', '', '', '', '', NULL, 0, '', '', NULL, '', '', NULL, NULL, '', '', '', '', '', '', '', '', '', '', '', '', '', '', '', '1'),
('1500085', 0, '', 0, 0, 'Eugenea Felicia', '', 'L', '', '2012-11-10', '', '', '', '', '', 0, NULL, '', '', '', '', NULL, '', '', '', '', '', '', NULL, 0, '', '', NULL, '', '', NULL, NULL, '', '', '', '', '', '', '', '', '', '', '', '', '', '', '', '1'),
('1500087', 0, '', 0, 0, 'Daniel Cen', '', 'L', '', '2010-12-08', '', '', '', '', '', 0, NULL, '', '', '', '', NULL, '', '', '', '', '', '', NULL, 0, '', '', NULL, '', '', NULL, NULL, '', '', '', '', '', '', '', '', '', '', '', '', '', '', '', '1'),
('1500088', 0, '', 0, 0, 'Ariya Sakka Kurnia', '', 'L', '', '2011-06-26', '', '', '', '', '', 0, NULL, '', '', '', '', NULL, '', '', '', '', '', '', NULL, 0, '', '', NULL, '', '', NULL, NULL, '', '', '', '', '', '', '', '', '', '', '', '', '', '', '', '1'),
('1500091', 0, '', 0, 0, 'Chen Pin Chen', '', 'L', '', '2012-03-11', '', '', '', '', '', 0, NULL, '', '', '', '', NULL, '', '', '', '', '', '', NULL, 0, '', '', NULL, '', '', NULL, NULL, '', '', '', '', '', '', '', '', '', '', '', '', '', '', '', '1'),
('1500096', 0, '', 0, 0, 'Agnes Feodora Joval', '', 'L', '', '2012-08-07', '', '', '', '', '', 0, NULL, '', '', '', '', NULL, '', '', '', '', '', '', NULL, 0, '', '', NULL, '', '', NULL, NULL, '', '', '', '', '', '', '', '', '', '', '', '', '', '', '', '1'),
('1500097', 0, '', 0, 0, 'Dexter Trinaga Bostom', '', 'L', '', '2012-06-28', '', '', '', '', '', 0, NULL, '', '', '', '', NULL, '', '', '', '', '', '', NULL, 0, '', '', NULL, '', '', NULL, NULL, '', '', '', '', '', '', '', '', '', '', '', '', '', '', '', '1'),
('1500098', 0, '', 0, 0, 'Evelyn', '', 'L', '', '2012-10-09', '', '', '', '', '', 0, NULL, '', '', '', '', NULL, '', '', '', '', '', '', NULL, 0, '', '', NULL, '', '', NULL, NULL, '', '', '', '', '', '', '', '', '', '', '', '', '', '', '', '1'),
('1500099', 0, '', 0, 0, 'Hanson Barnett Chandra', '', 'L', '', '2012-08-07', '', '', '', '', '', 0, NULL, '', '', '', '', NULL, '', '', '', '', '', '', NULL, 0, '', '', NULL, '', '', NULL, NULL, '', '', '', '', '', '', '', '', '', '', '', '', '', '', '', '1'),
('1500100', 0, '', 0, 0, 'Keiko Fang', '', 'L', '', '2012-02-29', '', '', '', '', '', 0, NULL, '', '', '', '', NULL, '', '', '', '', '', '', NULL, 0, '', '', NULL, '', '', NULL, NULL, '', '', '', '', '', '', '', '', '', '', '', '', '', '', '', '1'),
('1500101', 0, '', 0, 0, 'Anna Bella Wijaya', '', 'L', '', '2012-06-05', '', '', '', '', '', 0, NULL, '', '', '', '', NULL, '', '', '', '', '', '', NULL, 0, '', '', NULL, '', '', NULL, NULL, '', '', '', '', '', '', '', '', '', '', '', '', '', '', '', '1'),
('1500102', 0, '', 0, 0, 'He Hang Ze', '', 'L', '', '2012-08-30', '', '', '', '', '', 0, NULL, '', '', '', '', NULL, '', '', '', '', '', '', NULL, 0, '', '', NULL, '', '', NULL, NULL, '', '', '', '', '', '', '', '', '', '', '', '', '', '', '', '1'),
('1500103', 0, '', 0, 0, 'Veisya Tania', '', 'L', '', '2012-08-07', '', '', '', '', '', 0, NULL, '', '', '', '', NULL, '', '', '', '', '', '', NULL, 0, '', '', NULL, '', '', NULL, NULL, '', '', '', '', '', '', '', '', '', '', '', '', '', '', '', '1'),
('1500104', 0, '', 0, 0, 'Marvell Angriawan', '', 'L', '', '2011-09-06', '', '', '', '', '', 0, NULL, '', '', '', '', NULL, '', '', '', '', '', '', NULL, 0, '', '', NULL, '', '', NULL, NULL, '', '', '', '', '', '', '', '', '', '', '', '', '', '', '', '1'),
('1500105', 0, '', 0, 0, 'Britania Gracesita', '', 'L', '', '2012-04-16', '', '', '', '', '', 0, NULL, '', '', '', '', NULL, '', '', '', '', '', '', NULL, 0, '', '', NULL, '', '', NULL, NULL, '', '', '', '', '', '', '', '', '', '', '', '', '', '', '', '1'),
('1500108', 0, '', 0, 0, 'GABRIELLA EVELYN', '', 'L', '', '2012-12-19', '', '', '', '', '', 0, NULL, '', '', '', '', NULL, '', '', '', '', '', '', NULL, 0, '', '', NULL, '', '', NULL, NULL, '', '', '', '', '', '', '', '', '', '', '', '', '', '', '', '1'),
('1500109', 0, '', 0, 0, 'Lu Yi Fei', '', 'L', '', '2011-12-25', '', '', '', '', '', 0, NULL, '', '', '', '', NULL, '', '', '', '', '', '', NULL, 0, '', '', NULL, '', '', NULL, NULL, '', '', '', '', '', '', '', '', '', '', '', '', '', '', '', '1'),
('1500111', 0, '', 0, 0, 'OLIVIA LOVINA', '', 'L', '', '2011-04-16', '', '', '', '', '', 0, NULL, '', '', '', '', NULL, '', '', '', '', '', '', NULL, 0, '', '', NULL, '', '', NULL, NULL, '', '', '', '', '', '', '', '', '', '', '', '', '', '', '', '1'),
('1500112', 0, '', 0, 0, 'Kaylee Chen', '', 'L', '', '2012-09-21', '', '', '', '', '', 0, NULL, '', '', '', '', NULL, '', '', '', '', '', '', NULL, 0, '', '', NULL, '', '', NULL, NULL, '', '', '', '', '', '', '', '', '', '', '', '', '', '', '', '1'),
('1600003', 0, '', 0, 0, 'Goldwin Arthurio Maxlim', '', 'L', '', '2013-05-24', '', '', '', '', '', 0, NULL, '', '', '', '', NULL, '', '', '', '', '', '', NULL, 0, '', '', NULL, '', '', NULL, NULL, '', '', '', '', '', '', '', '', '', '', '', '', '', '', '', '1'),
('1600004', 0, '', 0, 0, 'Reinhart Minato', '', 'L', '', '2013-08-30', '', '', '', '', '', 0, NULL, '', '', '', '', NULL, '', '', '', '', '', '', NULL, 0, '', '', NULL, '', '', NULL, NULL, '', '', '', '', '', '', '', '', '', '', '', '', '', '', '', '1'),
('1600005', 0, '', 0, 0, 'Kaelynn Queency Wilsen', '', 'L', '', '2013-05-30', '', '', '', '', '', 0, NULL, '', '', '', '', NULL, '', '', '', '', '', '', NULL, 0, '', '', NULL, '', '', NULL, NULL, '', '', '', '', '', '', '', '', '', '', '', '', '', '', '', '1'),
('1600006', 0, '', 0, 0, 'Isabel Beatrice Fioza Wijaya', '', 'L', '', '2013-05-31', '', '', '', '', '', 0, NULL, '', '', '', '', NULL, '', '', '', '', '', '', NULL, 0, '', '', NULL, '', '', NULL, NULL, '', '', '', '', '', '', '', '', '', '', '', '', '', '', '', '1'),
('1600008', 0, '', 0, 0, 'Rayton Deta Tankayo', '', 'L', '', '2013-11-14', '', '', '', '', '', 0, NULL, '', '', '', '', NULL, '', '', '', '', '', '', NULL, 0, '', '', NULL, '', '', NULL, NULL, '', '', '', '', '', '', '', '', '', '', '', '', '', '', '', '1'),
('1600009', 0, '', 0, 0, 'Zoey Claire Henderson', '', 'L', '', '2013-02-05', '', '', '', '', '', 0, NULL, '', '', '', '', NULL, '', '', '', '', '', '', NULL, 0, '', '', NULL, '', '', NULL, NULL, '', '', '', '', '', '', '', '', '', '', '', '', '', '', '', '1'),
('1600010', 0, '', 0, 0, 'Thierry Darren Shimalton', '', 'L', '', '2012-03-17', '', '', '', '', '', 0, NULL, '', '', '', '', NULL, '', '', '', '', '', '', NULL, 0, '', '', NULL, '', '', NULL, NULL, '', '', '', '', '', '', '', '', '', '', '', '', '', '', '', '1'),
('1600012', 0, '', 0, 0, 'Richelle Tanuwidjaja', '', 'L', '', '2013-01-21', '', '', '', '', '', 0, NULL, '', '', '', '', NULL, '', '', '', '', '', '', NULL, 0, '', '', NULL, '', '', NULL, NULL, '', '', '', '', '', '', '', '', '', '', '', '', '', '', '', '1'),
('1600013', 0, '', 0, 0, 'Delicia Cornelyne', '', 'L', '', '2012-08-18', '', '', '', '', '', 0, NULL, '', '', '', '', NULL, '', '', '', '', '', '', NULL, 0, '', '', NULL, '', '', NULL, NULL, '', '', '', '', '', '', '', '', '', '', '', '', '', '', '', '1'),
('1600014', 0, '', 0, 0, 'Chen Zhi Bo', '', 'L', '', '2013-01-30', '', '', '', '', '', 0, NULL, '', '', '', '', NULL, '', '', '', '', '', '', NULL, 0, '', '', NULL, '', '', NULL, NULL, '', '', '', '', '', '', '', '', '', '', '', '', '', '', '', '1'),
('1600015', 0, '', 0, 0, 'Glyent Almer Yong', '', 'L', '', '2013-04-06', '', '', '', '', '', 0, NULL, '', '', '', '', NULL, '', '', '', '', '', '', NULL, 0, '', '', NULL, '', '', NULL, NULL, '', '', '', '', '', '', '', '', '', '', '', '', '', '', '', '1'),
('1600016', 0, '', 0, 0, 'Michael Angelo Owen', '', 'L', '', '2013-07-29', '', '', '', '', '', 0, NULL, '', '', '', '', NULL, '', '', '', '', '', '', NULL, 0, '', '', NULL, '', '', NULL, NULL, '', '', '', '', '', '', '', '', '', '', '', '', '', '', '', '1'),
('1600018', 0, '', 0, 0, 'Brandon Hinrich Liu', '', 'L', '', '2013-01-01', '', '', '', '', '', 0, NULL, '', '', '', '', NULL, '', '', '', '', '', '', NULL, 0, '', '', NULL, '', '', NULL, NULL, '', '', '', '', '', '', '', '', '', '', '', '', '', '', '', '1'),
('1600020', 0, '', 0, 0, 'Elithia Huang', '', 'L', '', '2013-05-02', '', '', '', '', '', 0, NULL, '', '', '', '', NULL, '', '', '', '', '', '', NULL, 0, '', '', NULL, '', '', NULL, NULL, '', '', '', '', '', '', '', '', '', '', '', '', '', '', '', '1'),
('1600021', 0, '', 0, 0, 'Devan Dhammananda Lieyono', '', 'L', '', '2013-04-02', '', '', '', '', '', 0, NULL, '', '', '', '', NULL, '', '', '', '', '', '', NULL, 0, '', '', NULL, '', '', NULL, NULL, '', '', '', '', '', '', '', '', '', '', '', '', '', '', '', '1'),
('1600022', 0, '', 0, 0, 'Nadine Vanya Angella', '', 'L', '', '2013-06-12', '', '', '', '', '', 0, NULL, '', '', '', '', NULL, '', '', '', '', '', '', NULL, 0, '', '', NULL, '', '', NULL, NULL, '', '', '', '', '', '', '', '', '', '', '', '', '', '', '', '1'),
('1600023', 0, '', 0, 0, 'Karyn Phen', '', 'L', '', '2013-04-23', '', '', '', '', '', 0, NULL, '', '', '', '', NULL, '', '', '', '', '', '', NULL, 0, '', '', NULL, '', '', NULL, NULL, '', '', '', '', '', '', '', '', '', '', '', '', '', '', '', '1'),
('1600024', 0, '', 0, 0, 'Caitriona Vecil Hendinata', '', 'L', '', '2013-08-15', '', '', '', '', '', 0, NULL, '', '', '', '', NULL, '', '', '', '', '', '', NULL, 0, '', '', NULL, '', '', NULL, NULL, '', '', '', '', '', '', '', '', '', '', '', '', '', '', '', '1'),
('1600025', 0, '', 0, 0, 'Kenrick Debven Wijaya', '', 'L', '', '2013-10-02', '', '', '', '', '', 0, NULL, '', '', '', '', NULL, '', '', '', '', '', '', NULL, 0, '', '', NULL, '', '', NULL, NULL, '', '', '', '', '', '', '', '', '', '', '', '', '', '', '', '1'),
('1600026', 0, '', 0, 0, 'Maximus Godfrey', '', 'L', '', '2013-04-23', '', '', '', '', '', 0, NULL, '', '', '', '', NULL, '', '', '', '', '', '', NULL, 0, '', '', NULL, '', '', NULL, NULL, '', '', '', '', '', '', '', '', '', '', '', '', '', '', '', '1'),
('1600027', 0, '', 0, 0, 'Edward Jonathan W', '', 'L', '', '2013-09-24', '', '', '', '', '', 0, NULL, '', '', '', '', NULL, '', '', '', '', '', '', NULL, 0, '', '', NULL, '', '', NULL, NULL, '', '', '', '', '', '', '', '', '', '', '', '', '', '', '', '1'),
('1600028', 0, '', 0, 0, 'Caroline Chin', '', 'L', '', '2013-07-05', '', '', '', '', '', 0, NULL, '', '', '', '', NULL, '', '', '', '', '', '', NULL, 0, '', '', NULL, '', '', NULL, NULL, '', '', '', '', '', '', '', '', '', '', '', '', '', '', '', '1'),
('1600029', 0, '', 0, 0, 'Felix Tan Susanto', '', 'L', '', '2013-06-28', '', '', '', '', '', 0, NULL, '', '', '', '', NULL, '', '', '', '', '', '', NULL, 0, '', '', NULL, '', '', NULL, NULL, '', '', '', '', '', '', '', '', '', '', '', '', '', '', '', '1'),
('1600032', 0, '', 0, 0, 'Renee Evelyne', '', 'L', '', '2013-09-24', '', '', '', '', '', 0, NULL, '', '', '', '', NULL, '', '', '', '', '', '', NULL, 0, '', '', NULL, '', '', NULL, NULL, '', '', '', '', '', '', '', '', '', '', '', '', '', '', '', '1'),
('1600034', 0, '', 0, 0, 'Howard Morgan Lee', '', 'L', '', '2013-09-09', '', '', '', '', '', 0, NULL, '', '', '', '', NULL, '', '', '', '', '', '', NULL, 0, '', '', NULL, '', '', NULL, NULL, '', '', '', '', '', '', '', '', '', '', '', '', '', '', '', '1'),
('1600035', 0, '', 0, 0, 'Viocannella Tiffany Liem', '', 'L', '', '2012-07-25', '', '', '', '', '', 0, NULL, '', '', '', '', NULL, '', '', '', '', '', '', NULL, 0, '', '', NULL, '', '', NULL, NULL, '', '', '', '', '', '', '', '', '', '', '', '', '', '', '', '1'),
('1600037', 0, '', 0, 0, 'Victoria Collins', '', 'L', '', '2013-08-30', '', '', '', '', '', 0, NULL, '', '', '', '', NULL, '', '', '', '', '', '', NULL, 0, '', '', NULL, '', '', NULL, NULL, '', '', '', '', '', '', '', '', '', '', '', '', '', '', '', '1'),
('1600038', 0, '', 0, 0, 'Jonathan Adler Shi', '', 'L', '', '2013-02-10', '', '', '', '', '', 0, NULL, '', '', '', '', NULL, '', '', '', '', '', '', NULL, 0, '', '', NULL, '', '', NULL, NULL, '', '', '', '', '', '', '', '', '', '', '', '', '', '', '', '1'),
('1600039', 0, '', 0, 0, 'Velencia Jesselyn', '', 'L', '', '2013-01-26', '', '', '', '', '', 0, NULL, '', '', '', '', NULL, '', '', '', '', '', '', NULL, 0, '', '', NULL, '', '', NULL, NULL, '', '', '', '', '', '', '', '', '', '', '', '', '', '', '', '1'),
('1600041', 0, '', 0, 0, 'Nathan Hanputra', '', 'L', '', '2012-01-10', '', '', '', '', '', 0, NULL, '', '', '', '', NULL, '', '', '', '', '', '', NULL, 0, '', '', NULL, '', '', NULL, NULL, '', '', '', '', '', '', '', '', '', '', '', '', '', '', '', '1'),
('1600042', 0, '', 0, 0, 'Natalie Hanputri', '', 'L', '', '2012-01-10', '', '', '', '', '', 0, NULL, '', '', '', '', NULL, '', '', '', '', '', '', NULL, 0, '', '', NULL, '', '', NULL, NULL, '', '', '', '', '', '', '', '', '', '', '', '', '', '', '', '1'),
('1600043', 0, '', 0, 0, 'Kevin Immanuel Widjojo', '', 'L', '', '2013-12-27', '', '', '', '', '', 0, NULL, '', '', '', '', NULL, '', '', '', '', '', '', NULL, 0, '', '', NULL, '', '', NULL, NULL, '', '', '', '', '', '', '', '', '', '', '', '', '', '', '', '1'),
('1600044', 0, '', 0, 0, 'Andios Yangsa', '', 'L', '', '2013-04-17', '', '', '', '', '', 0, NULL, '', '', '', '', NULL, '', '', '', '', '', '', NULL, 0, '', '', NULL, '', '', NULL, NULL, '', '', '', '', '', '', '', '', '', '', '', '', '', '', '', '1'),
('1600045', 0, '', 0, 0, 'Jayden Lionel Chen', '', 'L', '', '2013-05-19', '', '', '', '', '', 0, NULL, '', '', '', '', NULL, '', '', '', '', '', '', NULL, 0, '', '', NULL, '', '', NULL, NULL, '', '', '', '', '', '', '', '', '', '', '', '', '', '', '', '1'),
('1600046', 0, '', 0, 0, 'Justin Cornelius Montana', '', 'L', '', '2013-08-14', '', '', '', '', '', 0, NULL, '', '', '', '', NULL, '', '', '', '', '', '', NULL, 0, '', '', NULL, '', '', NULL, NULL, '', '', '', '', '', '', '', '', '', '', '', '', '', '', '', '1'),
('1600047', 0, '', 0, 0, 'Louis Corriantianz Ng', '', 'L', '', '2011-06-16', '', '', '', '', '', 0, NULL, '', '', '', '', NULL, '', '', '', '', '', '', NULL, 0, '', '', NULL, '', '', NULL, NULL, '', '', '', '', '', '', '', '', '', '', '', '', '', '', '', '1'),
('1600048', 0, '', 0, 0, 'Bryan Andrew Wijaya', '', 'L', '', '2012-02-28', '', '', '', '', '', 0, NULL, '', '', '', '', NULL, '', '', '', '', '', '', NULL, 0, '', '', NULL, '', '', NULL, NULL, '', '', '', '', '', '', '', '', '', '', '', '', '', '', '', '1'),
('1600050', 0, '', 0, 0, 'Giselle Christine Susilo', '', 'L', '', '2012-10-18', '', '', '', '', '', 0, NULL, '', '', '', '', NULL, '', '', '', '', '', '', NULL, 0, '', '', NULL, '', '', NULL, NULL, '', '', '', '', '', '', '', '', '', '', '', '', '', '', '', '1'),
('1600051', 0, '', 0, 0, 'Elaine Charleen Lie', '', 'L', '', '2013-09-23', '', '', '', '', '', 0, NULL, '', '', '', '', NULL, '', '', '', '', '', '', NULL, 0, '', '', NULL, '', '', NULL, NULL, '', '', '', '', '', '', '', '', '', '', '', '', '', '', '', '1'),
('1600053', 0, '', 0, 0, 'Hillary Julienne Lie', '', 'L', '', '2012-07-21', '', '', '', '', '', 0, NULL, '', '', '', '', NULL, '', '', '', '', '', '', NULL, 0, '', '', NULL, '', '', NULL, NULL, '', '', '', '', '', '', '', '', '', '', '', '', '', '', '', '1'),
('1600055', 0, '', 0, 0, 'Louis Gilberth', '', 'L', '', '2013-01-29', '', '', '', '', '', 0, NULL, '', '', '', '', NULL, '', '', '', '', '', '', NULL, 0, '', '', NULL, '', '', NULL, NULL, '', '', '', '', '', '', '', '', '', '', '', '', '', '', '', '1'),
('1600057', 0, '', 0, 0, 'Valencia Frederica', '', 'L', '', '2012-05-07', '', '', '', '', '', 0, NULL, '', '', '', '', NULL, '', '', '', '', '', '', NULL, 0, '', '', NULL, '', '', NULL, NULL, '', '', '', '', '', '', '', '', '', '', '', '', '', '', '', '1'),
('1600059', 0, '', 0, 0, 'Steven Leo Nardo', '', 'L', '', '2011-05-11', '', '', '', '', '', 0, NULL, '', '', '', '', NULL, '', '', '', '', '', '', NULL, 0, '', '', NULL, '', '', NULL, NULL, '', '', '', '', '', '', '', '', '', '', '', '', '', '', '', '1'),
('1600060', 0, '', 0, 0, 'Fiorita Bellatrix Sianto', '', 'L', '', '2012-09-12', '', '', '', '', '', 0, NULL, '', '', '', '', NULL, '', '', '', '', '', '', NULL, 0, '', '', NULL, '', '', NULL, NULL, '', '', '', '', '', '', '', '', '', '', '', '', '', '', '', '1'),
('1600061', 0, '', 0, 0, 'Reynheart Immanuel', '', 'L', '', '2012-12-10', '', '', '', '', '', 0, NULL, '', '', '', '', NULL, '', '', '', '', '', '', NULL, 0, '', '', NULL, '', '', NULL, NULL, '', '', '', '', '', '', '', '', '', '', '', '', '', '', '', '1'),
('1600062', 0, '', 0, 0, 'Louis Matthew Muliawan', '', 'L', '', '2013-09-27', '', '', '', '', '', 0, NULL, '', '', '', '', NULL, '', '', '', '', '', '', NULL, 0, '', '', NULL, '', '', NULL, NULL, '', '', '', '', '', '', '', '', '', '', '', '', '', '', '', '1'),
('1600063', 0, '', 0, 0, 'Yu Jue Tao', '', 'L', '', '2012-08-10', '', '', '', '', '', 0, NULL, '', '', '', '', NULL, '', '', '', '', '', '', NULL, 0, '', '', NULL, '', '', NULL, NULL, '', '', '', '', '', '', '', '', '', '', '', '', '', '', '', '1'),
('1600065', 0, '', 0, 0, 'Tesia', '', 'L', '', '2013-03-22', '', '', '', '', '', 0, 0, '', '', '', '', 0, '', '', '', '', '', '', 0, 0, '', '', '0000-00-00', '', '', '0000-00-00', '', '', '', '', '', '', '', '', '', '', '', '', '', '', '', '', '1'),
('1600066', 0, '', 0, 0, 'Alice Guivella', '', 'L', '', '2011-05-16', '', '', '', '', '', 0, NULL, '', '', '', '', NULL, '', '', '', '', '', '', NULL, 0, '', '', NULL, '', '', NULL, NULL, '', '', '', '', '', '', '', '', '', '', '', '', '', '', '', '1'),
('1600067', 0, '', 0, 0, 'Gwyneth Balqis Koay', '', 'L', '', '2011-04-26', '', '', '', '', '', 0, NULL, '', '', '', '', NULL, '', '', '', '', '', '', NULL, 0, '', '', NULL, '', '', NULL, NULL, '', '', '', '', '', '', '', '', '', '', '', '', '', '', '', '1'),
('1600068', 0, '', 0, 0, 'Theodore Maverick Lenadi', '', 'L', '', '2013-05-01', '', '', '', '', '', 0, NULL, '', '', '', '', NULL, '', '', '', '', '', '', NULL, 0, '', '', NULL, '', '', NULL, NULL, '', '', '', '', '', '', '', '', '', '', '', '', '', '', '', '1'),
('1600069', 0, '', 0, 0, 'Egbert Reynard', '', 'L', '', '2011-04-05', '', '', '', '', '', 0, NULL, '', '', '', '', NULL, '', '', '', '', '', '', NULL, 0, '', '', NULL, '', '', NULL, NULL, '', '', '', '', '', '', '', '', '', '', '', '', '', '', '', '1'),
('1600070', 0, '', 0, 0, 'Avariella Joanne Theodora Mudi', '', 'L', '', '2013-07-16', '', '', '', '', '', 0, NULL, '', '', '', '', NULL, '', '', '', '', '', '', NULL, 0, '', '', NULL, '', '', NULL, NULL, '', '', '', '', '', '', '', '', '', '', '', '', '', '', '', '1'),
('1600072', 0, '', 0, 0, 'Nelson Wijaya', '', 'L', '', '2013-10-04', '', '', '', '', '', 0, NULL, '', '', '', '', NULL, '', '', '', '', '', '', NULL, 0, '', '', NULL, '', '', NULL, NULL, '', '', '', '', '', '', '', '', '', '', '', '', '', '', '', '1'),
('1600073', 0, '', 0, 0, 'Regina Wiryadi', '', 'L', '', '2013-04-22', '', '', '', '', '', 0, NULL, '', '', '', '', NULL, '', '', '', '', '', '', NULL, 0, '', '', NULL, '', '', NULL, NULL, '', '', '', '', '', '', '', '', '', '', '', '', '', '', '', '1'),
('1600074', 0, '', 0, 0, 'Zhang Hong yi', '', 'L', '', '2013-02-10', '', '', '', '', '', 0, NULL, '', '', '', '', NULL, '', '', '', '', '', '', NULL, 0, '', '', NULL, '', '', NULL, NULL, '', '', '', '', '', '', '', '', '', '', '', '', '', '', '', '1'),
('1600077', 0, '', 0, 0, 'Nicole Queency Prasetio', '', 'L', '', '2013-11-15', '', '', '', '', '', 0, NULL, '', '', '', '', NULL, '', '', '', '', '', '', NULL, 0, '', '', NULL, '', '', NULL, NULL, '', '', '', '', '', '', '', '', '', '', '', '', '', '', '', '1'),
('1600079', 0, '', 0, 0, 'Josephine Dorothea Chandra', '', 'L', '', '2013-09-27', '', '', '', '', '', 0, NULL, '', '', '', '', NULL, '', '', '', '', '', '', NULL, 0, '', '', NULL, '', '', NULL, NULL, '', '', '', '', '', '', '', '', '', '', '', '', '', '', '', '1'),
('1600081', 0, '', 0, 0, 'Valencia Then', '', 'L', '', '2013-09-23', '', '', '', '', '', 0, NULL, '', '', '', '', NULL, '', '', '', '', '', '', NULL, 0, '', '', NULL, '', '', NULL, NULL, '', '', '', '', '', '', '', '', '', '', '', '', '', '', '', '1'),
('1600082', 0, '', 0, 0, 'Quinzy Emily Tanzil', '', 'L', '', '2013-03-18', '', '', '', '', '', 0, NULL, '', '', '', '', NULL, '', '', '', '', '', '', NULL, 0, '', '', NULL, '', '', NULL, NULL, '', '', '', '', '', '', '', '', '', '', '', '', '', '', '', '1'),
('1600083', 0, '', 0, 0, 'Davin Lucky Thamrin', '', 'L', '', '2012-12-21', '', '', '', '', '', 0, NULL, '', '', '', '', NULL, '', '', '', '', '', '', NULL, 0, '', '', NULL, '', '', NULL, NULL, '', '', '', '', '', '', '', '', '', '', '', '', '', '', '', '1'),
('1600084', 0, '', 0, 0, 'Louis Fang', '', 'L', '', '2013-01-29', '', '', '', '', '', 0, NULL, '', '', '', '', NULL, '', '', '', '', '', '', NULL, 0, '', '', NULL, '', '', NULL, NULL, '', '', '', '', '', '', '', '', '', '', '', '', '', '', '', '1'),
('1600085', 0, '', 0, 0, 'Jonathan Cheston', '', 'L', '', '2013-10-16', '', '', '', '', '', 0, NULL, '', '', '', '', NULL, '', '', '', '', '', '', NULL, 0, '', '', NULL, '', '', NULL, NULL, '', '', '', '', '', '', '', '', '', '', '', '', '', '', '', '1'),
('1600086', 0, '', 0, 0, 'Marsha Veronica Herlia', '', 'L', '', '2012-05-10', '', '', '', '', '', 0, NULL, '', '', '', '', NULL, '', '', '', '', '', '', NULL, 0, '', '', NULL, '', '', NULL, NULL, '', '', '', '', '', '', '', '', '', '', '', '', '', '', '', '1'),
('1600087', 0, '', 0, 0, 'Vincent Chen', '', 'L', '', '2011-09-12', '', '', '', '', '', 0, NULL, '', '', '', '', NULL, '', '', '', '', '', '', NULL, 0, '', '', NULL, '', '', NULL, NULL, '', '', '', '', '', '', '', '', '', '', '', '', '', '', '', '1'),
('1600088', 0, '', 0, 0, 'Nathanael Kieff Gunawan', '', 'L', '', '2013-09-08', '', '', '', '', '', 0, NULL, '', '', '', '', NULL, '', '', '', '', '', '', NULL, 0, '', '', NULL, '', '', NULL, NULL, '', '', '', '', '', '', '', '', '', '', '', '', '', '', '', '1');
INSERT INTO `siswa` (`nis`, `no_urut`, `kelompok`, `tahun_ajaran`, `tahum_ajaran`, `nama_siswa`, `nama_panggilan`, `jenis_kelamin`, `tempat_lahir`, `tgl_lahir`, `jalan`, `desa`, `kecamatan`, `kabupaten`, `propinsi`, `id_agama`, `kewarganegaraan`, `anak_ke`, `jml_saudara_kandung`, `jml_saudara_tiri`, `jml_saudara_angkat`, `status_anak`, `bahasa_sehari_hari`, `gol_darah`, `pernah_sakit`, `imunisasi`, `ciri_khusus`, `jarak_rumah`, `berangkat_dengan`, `id_orang_tua`, `foto`, `foto2`, `diterima_tanggal`, `ditempatkan_dikelompok`, `berasal_dari_tk`, `keluar_tk_tanggal`, `alasan_pindah`, `pindah_ke`, `kelompok1`, `kelompok2`, `sakit1_sem1_kel1`, `sakit2_sem2_kel1`, `sakit1_sem1_kel2`, `sakit2_sem2_kel2`, `izin1_sem1_kel1`, `izin2_sem2_kel1`, `izin1_sem1_kel2`, `izin2_sem2_kel2`, `alpha1_sem1_kel1`, `alpha2_sem2_kel1`, `alpha1_sem1_kel2`, `alpha2_sem2_kel2`, `status_siswa`) VALUES
('1600089', 0, '', 0, 0, 'Ryu Dharmadev', '', 'L', '', '2012-05-27', '', '', '', '', '', 0, NULL, '', '', '', '', NULL, '', '', '', '', '', '', NULL, 0, '', '', NULL, '', '', NULL, NULL, '', '', '', '', '', '', '', '', '', '', '', '', '', '', '', '1'),
('1600090', 0, '', 0, 0, 'Cello Orlando', '', 'L', '', '2011-04-18', '', '', '', '', '', 0, NULL, '', '', '', '', NULL, '', '', '', '', '', '', NULL, 0, '', '', NULL, '', '', NULL, NULL, '', '', '', '', '', '', '', '', '', '', '', '', '', '', '', '1'),
('1600091', 0, '', 0, 0, 'Yohan Yudison Zhan', '', 'L', '', '2012-11-12', '', '', '', '', '', 0, NULL, '', '', '', '', NULL, '', '', '', '', '', '', NULL, 0, '', '', NULL, '', '', NULL, NULL, '', '', '', '', '', '', '', '', '', '', '', '', '', '', '', '1'),
('1600092', 0, '', 0, 0, 'Nathania Valencia', '', 'L', '', '2012-02-14', '', '', '', '', '', 0, NULL, '', '', '', '', NULL, '', '', '', '', '', '', NULL, 0, '', '', NULL, '', '', NULL, NULL, '', '', '', '', '', '', '', '', '', '', '', '', '', '', '', '1'),
('1600093', 0, '', 0, 0, 'Kevin Carlos', '', 'L', '', '2013-04-18', '', '', '', '', '', 0, NULL, '', '', '', '', NULL, '', '', '', '', '', '', NULL, 0, '', '', NULL, '', '', NULL, NULL, '', '', '', '', '', '', '', '', '', '', '', '', '', '', '', '1'),
('1600094', 0, '', 0, 0, 'Celine Crystal Cen', '', 'L', '', '2012-08-08', '', '', '', '', '', 0, NULL, '', '', '', '', NULL, '', '', '', '', '', '', NULL, 0, '', '', NULL, '', '', NULL, NULL, '', '', '', '', '', '', '', '', '', '', '', '', '', '', '', '1'),
('1600095', 0, '', 0, 0, 'Davin Gerrard Arnata', '', 'L', '', '2013-09-30', '', '', '', '', '', 0, NULL, '', '', '', '', NULL, '', '', '', '', '', '', NULL, 0, '', '', NULL, '', '', NULL, NULL, '', '', '', '', '', '', '', '', '', '', '', '', '', '', '', '1'),
('1600096', 0, '', 0, 0, 'Jonathan Dharma Wijaya', '', 'L', '', '2012-03-12', '', '', '', '', '', 0, NULL, '', '', '', '', NULL, '', '', '', '', '', '', NULL, 0, '', '', NULL, '', '', NULL, NULL, '', '', '', '', '', '', '', '', '', '', '', '', '', '', '', '1'),
('1600097', 0, '', 0, 0, 'Christian Cahyadi', '', 'L', '', '2012-10-30', '', '', '', '', '', 0, NULL, '', '', '', '', NULL, '', '', '', '', '', '', NULL, 0, '', '', NULL, '', '', NULL, NULL, '', '', '', '', '', '', '', '', '', '', '', '', '', '', '', '1'),
('1600099', 0, '', 0, 0, 'Jaslynn Elise Liang', '', 'L', '', '2011-11-24', '', '', '', '', '', 0, NULL, '', '', '', '', NULL, '', '', '', '', '', '', NULL, 0, '', '', NULL, '', '', NULL, NULL, '', '', '', '', '', '', '', '', '', '', '', '', '', '', '', '1'),
('1600100', 0, '', 0, 0, 'Siaw Wen Xin', '', 'L', '', '2012-07-07', '', '', '', '', '', 0, NULL, '', '', '', '', NULL, '', '', '', '', '', '', NULL, 0, '', '', NULL, '', '', NULL, NULL, '', '', '', '', '', '', '', '', '', '', '', '', '', '', '', '1'),
('1600101', 0, '', 0, 0, 'Gabriella Angel Bisawan', '', 'L', '', '2013-03-01', '', '', '', '', '', 0, NULL, '', '', '', '', NULL, '', '', '', '', '', '', NULL, 0, '', '', NULL, '', '', NULL, NULL, '', '', '', '', '', '', '', '', '', '', '', '', '', '', '', '1'),
('1700006', 0, '', 0, 0, 'Cayden Kyneshi', '', 'L', 'jakarta', '2014-07-10', 'jl. kapuk pospol no 11 kapuk rt 006/007', '', '', '', '', 4, 1, '2', '2', '', '', NULL, '', '', '', '', '', '', NULL, 9, '', '', NULL, '', '', NULL, NULL, '', '', '', '', '', '', '', '', '', '', '', '', '', '', '', '1'),
('1700007', 0, '', 0, 0, 'Erin Elvina Lim', '', 'P', 'Jakarta', '2014-02-28', 'jelambar utama 3 no 24 jakarta barat', '', '', '', '', 4, 1, '1', '2', '', '', NULL, '', '', '', '', '', '', NULL, 37, '', '', NULL, '', '', NULL, NULL, '', '', '', '', '', '', '', '', '', '', '', '', '', '', '', '1'),
('1700008', 0, '', 0, 0, 'Nicole Pramana Yang', '', 'P', 'jakarta', '2014-04-23', 'mutiara taman palem E1 no 56 cengkareng jakarta barat', '', '', '', '', 4, 1, '0', '0', '', '', NULL, '', '', '', '', '', '', NULL, 15, '', '', NULL, '', '', NULL, NULL, '', '', '', '', '', '', '', '', '', '', '', '', '', '', '', '1'),
('1700009', 0, '', 0, 0, 'Jaysen Tuki', '', 'L', 'Jakarta', '2014-03-02', 'rukan malibu blok J no 11 city resort palem', '', '', '', '', 4, 1, '1', '2', '', '', NULL, '', '', '', '', '', '', NULL, 38, '', '', NULL, '', '', NULL, NULL, '', '', '', '', '', '', '', '', '', '', '', '', '', '', '', '1'),
('1700011', 0, '', 0, 0, 'Dravin Alden', '', 'L', 'Jakarta', '2013-06-18', 'taman palem lestari blok B3 no 5', '', '', '', '', 4, 1, '0', '0', '', '', NULL, '', '', '', '', '', '', NULL, 21, '', '', NULL, '', '', NULL, NULL, '', '', '', '', '', '', '', '', '', '', '', '', '', '', '', '1'),
('1700012', 0, '', 0, 0, 'Erland Mulyadi', '', 'L', 'Jakarta', '2014-04-16', 'permata hijau P/5 jakarta selatan', '', '', '', '', 3, 1, '1', '2', '', '', NULL, '', '', '', '', '', '', NULL, 47, '', '', NULL, '', '', NULL, NULL, '', '', '', '', '', '', '', '', '', '', '', '', '', '', '', '1'),
('1700013', 0, '', 0, 0, 'Kelly Chandra', '', 'P', 'jakarta', '2014-03-06', 'apartemen teluk intan tw topaz lt 17n', '', '', '', '', 2, 1, '1', '2', '', '', NULL, '', '', '', '', '', '', NULL, 18, '', '', NULL, '', '', NULL, NULL, '', '', '', '', '', '', '', '', '', '', '', '', '', '', '', '1'),
('1700014', 0, '', 0, 0, 'Chloe Skylar Han', '', 'P', 'Jakarta', '2014-12-21', 'perumahan city resort hawai city I blok K/12', '', '', '', '', 4, 1, '0', '0', '', '', NULL, '', '', '', '', '', '', NULL, 34, '', '', NULL, '', '', NULL, NULL, '', '', '', '', '', '', '', '', '', '', '', '', '', '', '', '1'),
('1700015', 0, '', 0, 0, 'Edward Louis Wijaya', '', 'L', 'Jakarta', '2013-05-17', 'jl. samarasa no 45 kapuk raya', '', '', '', '', 4, 1, '1', '2', '', '', NULL, '', '', '', '', '', '', NULL, 11, '', '', NULL, '', '', NULL, NULL, '', '', '', '', '', '', '', '', '', '', '', '', '', '', '', '1'),
('1700016', 0, '', 0, 0, 'Eva Louisa Wijaya', '', 'P', 'jakarta', '2015-01-16', 'jl. samarasa no 45 kapuk raya', '', '', '', '', 4, 1, '2', '2', '', '', NULL, '', '', '', '', '', '', NULL, 10, '', '', NULL, '', '', NULL, NULL, '', '', '', '', '', '', '', '', '', '', '', '', '', '', '', '1'),
('1700017', 0, '', 0, 0, 'Jayden Edward Xiao', '', 'L', 'Jakarta', '2014-01-04', 'apt mediterania garden 2 tower k11/kl', '', '', '', '', 3, 1, '2', '2', '', '', 0, '', '', '', '', '', '', 0, 52, '', '', '0000-00-00', '', '', '0000-00-00', '', '', '', '', '', '', '', '', '', '', '', '', '', '', '', '', '1'),
('1700018', 0, '', 0, 0, 'Mikael Julio Sun', '', 'L', 'Jakarta', '2014-04-03', 'pasadena blok G11 rt 002 rw 014 cengkareneg timur', '', '', '', '', 3, 1, '1', '1', '', '', NULL, '', '', '', '', '', '', NULL, 45, '', '', NULL, '', '', NULL, NULL, '', '', '', '', '', '', '', '', '', '', '', '', '', '', '', '1'),
('1700019', 0, '', 0, 0, 'Jessica Olivia Suryadi', '', 'P', 'jakarta', '2014-05-10', 'jl.  anggur V no 12 cengkareng', '', '', '', '', 2, 1, '2', '2', '', '', NULL, '', '', '', '', '', '', NULL, 7, '', '', NULL, '', '', NULL, NULL, '', '', '', '', '', '', '', '', '', '', '', '', '', '', '', '1'),
('1700020', 0, '', 0, 0, 'Enzo Verguson Setiawan', '', 'L', 'Jakarta', '2014-08-15', 'daan mogot arcadia blok D8 no 6', '', '', '', '', 2, 1, '0', '0', '', '', NULL, '', '', '', '', '', '', NULL, 41, '', '', NULL, '', '', NULL, NULL, '', '', '', '', '', '', '', '', '', '', '', '', '', '', '', '1'),
('1700023', 0, '', 0, 0, 'Dominik Joan Tanaga', '', 'P', 'jakarta', '2014-06-18', 'casajardin residence cluster dianella blok d6 no 6 jl. daan mogot km 11', '', '', '', '', 3, 1, '3', '3', '', '', 0, '', '', '', '', '', '', 0, 12, '', '', '0000-00-00', '', '', '0000-00-00', '', '', '', '', '', '', '', '', '', '', '', '', '', '', '', '', '1'),
('1700024', 0, '', 0, 0, 'Lacherinne Christabel Rusly', '', 'P', 'Jakarta', '2014-07-31', 'Jl pejagalan III no 49 tambora', '', '', '', '', 2, 1, '2', '2', '', '', NULL, '', '', '', '', '', '', NULL, 48, '', '', NULL, '', '', NULL, NULL, '', '', '', '', '', '', '', '', '', '', '', '', '', '', '', '1'),
('1700170', 0, '', 0, 0, 'Tania Putri Bunardi', '', 'L', 'Jakarta', '2011-05-29', '', '', '', '', '', 0, 0, '', '', '', '', 0, '', '', '', '', '', '', 0, 0, '', '', '0000-00-00', '', '', '0000-00-00', '', '', '', '', '', '', '', '', '', '', '', '', '', '', '', '', '1'),
('1700171', 0, '', 0, 0, 'Joshua Kurnianto', '', 'L', 'Jakarta', '2011-01-31', '', '', '', '', '', 0, 0, '', '', '', '', 0, '', '', '', '', '', '', 0, 0, '', '', '0000-00-00', '', '', '0000-00-00', '', '', '', '', '', '', '', '', '', '', '', '', '', '', '', '', '1'),
('1700172', 0, '', 0, 0, 'Valderina Renata Hadi', '', 'L', 'Jakarta', '2011-09-29', '', '', '', '', '', 0, 0, '', '', '', '', 0, '', '', '', '', '', '', 0, 0, '', '', '0000-00-00', '', '', '0000-00-00', '', '', '', '', '', '', '', '', '', '', '', '', '', '', '', '', '1');

-- --------------------------------------------------------

--
-- Table structure for table `temp_kelas`
--

CREATE TABLE `temp_kelas` (
  `id` int(2) NOT NULL,
  `nis` int(7) NOT NULL
) ENGINE=InnoDB DEFAULT CHARSET=latin1;

-- --------------------------------------------------------

--
-- Table structure for table `user_akses`
--

CREATE TABLE `user_akses` (
  `kd_user` varchar(20) NOT NULL,
  `nik` varchar(10) NOT NULL,
  `nama_user` varchar(40) NOT NULL,
  `level` varchar(20) NOT NULL,
  `email` varchar(40) NOT NULL,
  `password` varchar(45) NOT NULL,
  `tanggal_input` date NOT NULL,
  `tanggal_online` datetime DEFAULT NULL,
  `aktif` enum('N','Y') NOT NULL,
  `online` int(11) DEFAULT NULL
) ENGINE=InnoDB DEFAULT CHARSET=latin1;

--
-- Dumping data for table `user_akses`
--

INSERT INTO `user_akses` (`kd_user`, `nik`, `nama_user`, `level`, `email`, `password`, `tanggal_input`, `tanggal_online`, `aktif`, `online`) VALUES
('u1', '18121742', 'Kasnawi', 'Admin', 'kasnawi20@gmail.com', 'fcea920f7412b5da7be0cf42b8c93759', '2016-06-03', '2016-07-26 07:41:00', 'N', NULL),
('u2', '11150746', 'Wanda Adit S', 'Administrator', 'wanda@gmail.com', 'fcea920f7412b5da7be0cf42b8c93759', '2016-06-08', '2016-09-27 15:18:03', 'Y', 1);

-- --------------------------------------------------------

--
-- Table structure for table `warganegara`
--

CREATE TABLE `warganegara` (
  `IDwn` int(11) NOT NULL,
  `WargaNegara` varchar(50) NOT NULL
) ENGINE=InnoDB DEFAULT CHARSET=latin1;

--
-- Dumping data for table `warganegara`
--

INSERT INTO `warganegara` (`IDwn`, `WargaNegara`) VALUES
(1, 'Warga Negara Indonesia'),
(2, 'Warga Negara Asing');

--
-- Indexes for dumped tables
--

--
-- Indexes for table `agama`
--
ALTER TABLE `agama`
  ADD PRIMARY KEY (`id_agama`);

--
-- Indexes for table `kelas`
--
ALTER TABLE `kelas`
  ADD PRIMARY KEY (`id_kelas`);

--
-- Indexes for table `mata_pelajaran`
--
ALTER TABLE `mata_pelajaran`
  ADD PRIMARY KEY (`id_mapel`);

--
-- Indexes for table `orang_tua`
--
ALTER TABLE `orang_tua`
  ADD PRIMARY KEY (`id_orang_tua`);

--
-- Indexes for table `pengguna_kelas`
--
ALTER TABLE `pengguna_kelas`
  ADD PRIMARY KEY (`id`);

--
-- Indexes for table `siswa`
--
ALTER TABLE `siswa`
  ADD PRIMARY KEY (`nis`);

--
-- Indexes for table `temp_kelas`
--
ALTER TABLE `temp_kelas`
  ADD PRIMARY KEY (`id`);

--
-- Indexes for table `user_akses`
--
ALTER TABLE `user_akses`
  ADD PRIMARY KEY (`kd_user`);

--
-- Indexes for table `warganegara`
--
ALTER TABLE `warganegara`
  ADD PRIMARY KEY (`IDwn`);

--
-- AUTO_INCREMENT for dumped tables
--

--
-- AUTO_INCREMENT for table `agama`
--
ALTER TABLE `agama`
  MODIFY `id_agama` int(2) NOT NULL AUTO_INCREMENT, AUTO_INCREMENT=6;
--
-- AUTO_INCREMENT for table `kelas`
--
ALTER TABLE `kelas`
  MODIFY `id_kelas` double NOT NULL AUTO_INCREMENT, AUTO_INCREMENT=13;
--
-- AUTO_INCREMENT for table `mata_pelajaran`
--
ALTER TABLE `mata_pelajaran`
  MODIFY `id_mapel` int(11) NOT NULL AUTO_INCREMENT, AUTO_INCREMENT=4;
--
-- AUTO_INCREMENT for table `pengguna_kelas`
--
ALTER TABLE `pengguna_kelas`
  MODIFY `id` double NOT NULL AUTO_INCREMENT, AUTO_INCREMENT=204;
--
-- AUTO_INCREMENT for table `temp_kelas`
--
ALTER TABLE `temp_kelas`
  MODIFY `id` int(2) NOT NULL AUTO_INCREMENT;
--
-- AUTO_INCREMENT for table `warganegara`
--
ALTER TABLE `warganegara`
  MODIFY `IDwn` int(11) NOT NULL AUTO_INCREMENT, AUTO_INCREMENT=3;
/*!40101 SET CHARACTER_SET_CLIENT=@OLD_CHARACTER_SET_CLIENT */;
/*!40101 SET CHARACTER_SET_RESULTS=@OLD_CHARACTER_SET_RESULTS */;
/*!40101 SET COLLATION_CONNECTION=@OLD_COLLATION_CONNECTION */;
